Date,ObsID,RandomizedID,UniqueID,DayID,Host,Treatment,PlateDay,Count,Comments,Censored,Died
3-Nov-19,288,1,51,7,CB4856,Exposed,2,22,,,Y
3-Nov-19,294,2,52,7,CB4856,Exposed,2,39,,,
3-Nov-19,300,3,53,7,CB4856,Exposed,2,35,,,Y
3-Nov-19,306,4,54,7,CB4856,Exposed,2,24,,,Y
3-Nov-19,312,5,55,1,CB4856,Control,2,49,,,
3-Nov-19,318,6,56,7,CB4856,Exposed,2,57,,,Y
3-Nov-19,324,7,57,7,CB4856,Exposed,2,37,,,
3-Nov-19,330,8,58,1,CB4856,Control,2,30,,,
3-Nov-19,336,9,59,7,CB4856,Exposed,2,66,,,Y
3-Nov-19,342,10,60,7,CB4856,Exposed,2,15,,,Y
3-Nov-19,348,11,61,1,CB4856,Control,2,66,,,
3-Nov-19,354,12,62,1,CB4856,Control,2,75,,,Y
3-Nov-19,360,13,63,1,CB4856,Control,2,28,,,Y
3-Nov-19,366,14,64,7,CB4856,Exposed,2,4,,,Y
3-Nov-19,372,15,65,7,CB4856,Exposed,2,60,,,Y
3-Nov-19,378,16,66,7,CB4856,Exposed,2,45,,,
3-Nov-19,384,17,67,7,CB4856,Exposed,2,31,,Y,
3-Nov-19,387,18,68,1,CB4856,Control,2,63,,,
3-Nov-19,393,19,69,7,CB4856,Exposed,2,77,,,Y
3-Nov-19,399,20,70,7,CB4856,Exposed,2,26,,,Y
3-Nov-19,405,21,71,1,CB4856,Control,2,118,,,
3-Nov-19,411,22,72,7,CB4856,Exposed,2,27,,,
3-Nov-19,417,23,73,1,CB4856,Control,2,82,,,
3-Nov-19,423,24,74,7,CB4856,Exposed,2,68,,,Y
3-Nov-19,429,25,75,1,CB4856,Control,2,62,,,
3-Nov-19,435,26,76,1,CB4856,Control,2,87,,Y,
3-Nov-19,439,27,77,7,CB4856,Exposed,2,22,,,Y
3-Nov-19,445,28,78,7,CB4856,Exposed,2,57,,,Y
3-Nov-19,451,29,79,7,CB4856,Exposed,2,63,,,Y
3-Nov-19,457,30,80,1,CB4856,Control,2,53,,,Y
3-Nov-19,463,31,81,7,CB4856,Exposed,2,41,,,Y
3-Nov-19,469,32,82,7,CB4856,Exposed,2,6,,,Y
3-Nov-19,475,33,83,1,CB4856,Control,2,7,,,
3-Nov-19,481,34,84,1,CB4856,Control,2,73,,,
3-Nov-19,487,35,85,7,CB4856,Exposed,2,31,,Y,
3-Nov-19,492,36,86,1,CB4856,Control,2,38,,,
3-Nov-19,498,37,87,1,CB4856,Control,2,45,,,
3-Nov-19,504,38,88,1,CB4856,Control,2,55,,,
3-Nov-19,510,39,89,1,CB4856,Control,2,63,,,
3-Nov-19,516,40,90,1,CB4856,Control,2,72,,,
3-Nov-19,522,41,91,1,CB4856,Control,2,38,,,Y
3-Nov-19,528,42,92,7,CB4856,Exposed,2,63,,,Y
3-Nov-19,534,43,93,1,CB4856,Control,2,58,,,Y
3-Nov-19,540,44,94,1,CB4856,Control,2,57,,,Y
3-Nov-19,546,45,95,1,CB4856,Control,2,64,,,Y
3-Nov-19,552,46,96,1,CB4856,Control,2,56,,,Y
3-Nov-19,558,47,97,7,CB4856,Exposed,2,65,,,Y
3-Nov-19,564,48,98,1,CB4856,Control,2,102,,,
3-Nov-19,570,49,99,1,CB4856,Control,2,48,,,
3-Nov-19,576,50,100,7,CB4856,Exposed,2,28,,,Y
4-Nov-19,289,1,51,8,CB4856,Exposed,3,53,,,Y
4-Nov-19,295,2,52,8,CB4856,Exposed,3,166,,,
4-Nov-19,301,3,53,8,CB4856,Exposed,3,102,,,Y
4-Nov-19,307,4,54,8,CB4856,Exposed,3,129,,,Y
4-Nov-19,313,5,55,2,CB4856,Control,3,158,,,
4-Nov-19,319,6,56,8,CB4856,Exposed,3,135,,,Y
4-Nov-19,325,7,57,8,CB4856,Exposed,3,160,,,
4-Nov-19,331,8,58,2,CB4856,Control,3,192,,,
4-Nov-19,337,9,59,8,CB4856,Exposed,3,80,,,Y
4-Nov-19,343,10,60,8,CB4856,Exposed,3,51,,,Y
4-Nov-19,349,11,61,2,CB4856,Control,3,178,,,
4-Nov-19,355,12,62,2,CB4856,Control,3,157,,,Y
4-Nov-19,361,13,63,2,CB4856,Control,3,175,,,Y
4-Nov-19,367,14,64,8,CB4856,Exposed,3,39,,,Y
4-Nov-19,373,15,65,8,CB4856,Exposed,3,68,,,Y
4-Nov-19,379,16,66,8,CB4856,Exposed,3,171,,,
4-Nov-19,385,17,67,8,CB4856,Exposed,3,132,,Y,
4-Nov-19,388,18,68,2,CB4856,Control,3,182,,,
4-Nov-19,394,19,69,8,CB4856,Exposed,3,121,,,Y
4-Nov-19,400,20,70,8,CB4856,Exposed,3,67,,,Y
4-Nov-19,406,21,71,2,CB4856,Control,3,189,,,
4-Nov-19,412,22,72,8,CB4856,Exposed,3,109,,,
4-Nov-19,418,23,73,2,CB4856,Control,3,181,,,
4-Nov-19,424,24,74,8,CB4856,Exposed,3,50,,,Y
4-Nov-19,430,25,75,2,CB4856,Control,3,184,,,
4-Nov-19,436,26,76,2,CB4856,Control,3,126,,Y,
4-Nov-19,440,27,77,8,CB4856,Exposed,3,64,,,Y
4-Nov-19,446,28,78,8,CB4856,Exposed,3,60,,,Y
4-Nov-19,452,29,79,8,CB4856,Exposed,3,67,,,Y
4-Nov-19,458,30,80,2,CB4856,Control,3,184,,,Y
4-Nov-19,464,31,81,8,CB4856,Exposed,3,110,,,Y
4-Nov-19,470,32,82,8,CB4856,Exposed,3,54,,,Y
4-Nov-19,476,33,83,2,CB4856,Control,3,131,,,
4-Nov-19,482,34,84,2,CB4856,Control,3,146,,,
4-Nov-19,488,35,85,8,CB4856,Exposed,3,141,,Y,
4-Nov-19,493,36,86,2,CB4856,Control,3,180,,,
4-Nov-19,499,37,87,2,CB4856,Control,3,201,,,
4-Nov-19,505,38,88,2,CB4856,Control,3,196,,,
4-Nov-19,511,39,89,2,CB4856,Control,3,153,,,
4-Nov-19,517,40,90,2,CB4856,Control,3,205,,,
4-Nov-19,523,41,91,2,CB4856,Control,3,152,,,Y
4-Nov-19,529,42,92,8,CB4856,Exposed,3,131,,,Y
4-Nov-19,535,43,93,2,CB4856,Control,3,175,,,Y
4-Nov-19,541,44,94,2,CB4856,Control,3,174,,,Y
4-Nov-19,547,45,95,2,CB4856,Control,3,190,,,Y
4-Nov-19,553,46,96,2,CB4856,Control,3,70,,,Y
4-Nov-19,559,47,97,8,CB4856,Exposed,3,54,,,Y
4-Nov-19,565,48,98,2,CB4856,Control,3,142,,,
4-Nov-19,571,49,99,2,CB4856,Control,3,168,,,
4-Nov-19,577,50,100,8,CB4856,Exposed,3,84,,,Y
5-Nov-19,290,1,51,9,CB4856,Exposed,4,0,Died,,Y
5-Nov-19,296,2,52,9,CB4856,Exposed,4,48,,,
5-Nov-19,302,3,53,9,CB4856,Exposed,4,0,Died,,Y
5-Nov-19,308,4,54,9,CB4856,Exposed,4,29,,,Y
5-Nov-19,314,5,55,3,CB4856,Control,4,22,,,
5-Nov-19,320,6,56,9,CB4856,Exposed,4,25,,,Y
5-Nov-19,326,7,57,9,CB4856,Exposed,4,95,,,
5-Nov-19,332,8,58,3,CB4856,Control,4,7,,,
5-Nov-19,338,9,59,9,CB4856,Exposed,4,23,,,Y
5-Nov-19,344,10,60,9,CB4856,Exposed,4,18,,,Y
5-Nov-19,350,11,61,3,CB4856,Control,4,23,,,
5-Nov-19,356,12,62,3,CB4856,Control,4,25,,,Y
5-Nov-19,362,13,63,3,CB4856,Control,4,38,,,Y
5-Nov-19,368,14,64,9,CB4856,Exposed,4,9,,,Y
5-Nov-19,374,15,65,9,CB4856,Exposed,4,13,Died,,Y
5-Nov-19,380,16,66,9,CB4856,Exposed,4,35,,,
5-Nov-19,386,17,67,9,CB4856,Exposed,4,47,Censored next day,Y,
5-Nov-19,389,18,68,3,CB4856,Control,4,22,,,
5-Nov-19,395,19,69,9,CB4856,Exposed,4,32,,,Y
5-Nov-19,401,20,70,9,CB4856,Exposed,4,22,,,Y
5-Nov-19,407,21,71,3,CB4856,Control,4,2,,,
5-Nov-19,413,22,72,9,CB4856,Exposed,4,45,,,
5-Nov-19,419,23,73,3,CB4856,Control,4,3,,,
5-Nov-19,425,24,74,9,CB4856,Exposed,4,15,,,Y
5-Nov-19,431,25,75,3,CB4856,Control,4,21,,,
5-Nov-19,437,26,76,3,CB4856,Control,4,8,,Y,
5-Nov-19,441,27,77,9,CB4856,Exposed,4,16,,,Y
5-Nov-19,447,28,78,9,CB4856,Exposed,4,19,,,Y
5-Nov-19,453,29,79,9,CB4856,Exposed,4,26,,,Y
5-Nov-19,459,30,80,3,CB4856,Control,4,87,,,Y
5-Nov-19,465,31,81,9,CB4856,Exposed,4,26,,,Y
5-Nov-19,471,32,82,9,CB4856,Exposed,4,11,,,Y
5-Nov-19,477,33,83,3,CB4856,Control,4,77,,,
5-Nov-19,483,34,84,3,CB4856,Control,4,16,,,
5-Nov-19,489,35,85,9,CB4856,Exposed,4,50,,Y,
5-Nov-19,494,36,86,3,CB4856,Control,4,50,,,
5-Nov-19,500,37,87,3,CB4856,Control,4,24,,,
5-Nov-19,506,38,88,3,CB4856,Control,4,16,,,
5-Nov-19,512,39,89,3,CB4856,Control,4,0,,,
5-Nov-19,518,40,90,3,CB4856,Control,4,18,,,
5-Nov-19,524,41,91,3,CB4856,Control,4,16,,,Y
5-Nov-19,530,42,92,9,CB4856,Exposed,4,37,,,Y
5-Nov-19,536,43,93,3,CB4856,Control,4,56,,,Y
5-Nov-19,542,44,94,3,CB4856,Control,4,18,,,Y
5-Nov-19,548,45,95,3,CB4856,Control,4,45,,,Y
5-Nov-19,554,46,96,3,CB4856,Control,4,36,,,Y
5-Nov-19,560,47,97,9,CB4856,Exposed,4,12,Died,,Y
5-Nov-19,566,48,98,3,CB4856,Control,4,4,,,
5-Nov-19,572,49,99,3,CB4856,Control,4,8,,,
5-Nov-19,578,50,100,9,CB4856,Exposed,4,29,,,Y
6-Nov-19,291,1,51,10,CB4856,Exposed,5,0,Dead,,Y
6-Nov-19,297,2,52,10,CB4856,Exposed,5,6,,,
6-Nov-19,303,3,53,10,CB4856,Exposed,5,0,Dead,,Y
6-Nov-19,309,4,54,10,CB4856,Exposed,5,0,,,Y
6-Nov-19,315,5,55,4,CB4856,Control,5,3,,,
6-Nov-19,321,6,56,10,CB4856,Exposed,5,0,,,Y
6-Nov-19,327,7,57,10,CB4856,Exposed,5,1,,,
6-Nov-19,333,8,58,4,CB4856,Control,5,0,,,
6-Nov-19,339,9,59,10,CB4856,Exposed,5,15,,,Y
6-Nov-19,345,10,60,10,CB4856,Exposed,5,10,,,Y
6-Nov-19,351,11,61,4,CB4856,Control,5,0,,,
6-Nov-19,357,12,62,4,CB4856,Control,5,3,,,Y
6-Nov-19,363,13,63,4,CB4856,Control,5,6,,,Y
6-Nov-19,369,14,64,10,CB4856,Exposed,5,48,,,Y
6-Nov-19,375,15,65,10,CB4856,Exposed,5,0,Dead,,Y
6-Nov-19,381,16,66,10,CB4856,Exposed,5,4,,,
6-Nov-19,390,18,68,4,CB4856,Control,5,0,,,
6-Nov-19,396,19,69,10,CB4856,Exposed,5,9,,,Y
6-Nov-19,402,20,70,10,CB4856,Exposed,5,30,,,Y
6-Nov-19,408,21,71,4,CB4856,Control,5,0,,,
6-Nov-19,414,22,72,10,CB4856,Exposed,5,12,,,
6-Nov-19,420,23,73,4,CB4856,Control,5,0,,,
6-Nov-19,426,24,74,10,CB4856,Exposed,5,22,Died,,Y
6-Nov-19,432,25,75,4,CB4856,Control,5,0,,,
6-Nov-19,438,26,76,4,CB4856,Control,5,3,Censored next day,Y,
6-Nov-19,442,27,77,10,CB4856,Exposed,5,5,,,Y
6-Nov-19,448,28,78,10,CB4856,Exposed,5,21,,,Y
6-Nov-19,454,29,79,10,CB4856,Exposed,5,14,,,Y
6-Nov-19,460,30,80,4,CB4856,Control,5,7,,,Y
6-Nov-19,466,31,81,10,CB4856,Exposed,5,9,Died,,Y
6-Nov-19,472,32,82,10,CB4856,Exposed,5,18,,,Y
6-Nov-19,478,33,83,4,CB4856,Control,5,0,,,
6-Nov-19,484,34,84,4,CB4856,Control,5,1,,,
6-Nov-19,490,35,85,10,CB4856,Exposed,5,4,,Y,
6-Nov-19,495,36,86,4,CB4856,Control,5,1,,,
6-Nov-19,501,37,87,4,CB4856,Control,5,0,,,
6-Nov-19,507,38,88,4,CB4856,Control,5,1,,,
6-Nov-19,513,39,89,4,CB4856,Control,5,0,,,
6-Nov-19,519,40,90,4,CB4856,Control,5,0,,,
6-Nov-19,525,41,91,4,CB4856,Control,5,2,,,Y
6-Nov-19,531,42,92,10,CB4856,Exposed,5,8,Died,,Y
6-Nov-19,537,43,93,4,CB4856,Control,5,0,,,Y
6-Nov-19,543,44,94,4,CB4856,Control,5,2,,,Y
6-Nov-19,549,45,95,4,CB4856,Control,5,5,,,Y
6-Nov-19,555,46,96,4,CB4856,Control,5,14,,,Y
6-Nov-19,561,47,97,10,CB4856,Exposed,5,0,Dead,,Y
6-Nov-19,567,48,98,4,CB4856,Control,5,1,,,
6-Nov-19,573,49,99,4,CB4856,Control,5,0,,,
6-Nov-19,579,50,100,10,CB4856,Exposed,5,2,,,Y
7-Nov-19,292,1,51,11,CB4856,Exposed,6,0,Dead,,Y
7-Nov-19,298,2,52,11,CB4856,Exposed,6,1,,,
7-Nov-19,304,3,53,11,CB4856,Exposed,6,0,Dead,,Y
7-Nov-19,310,4,54,11,CB4856,Exposed,6,3,Died,,Y
7-Nov-19,316,5,55,5,CB4856,Control,6,0,,,
7-Nov-19,322,6,56,11,CB4856,Exposed,6,0,Died,,Y
7-Nov-19,328,7,57,11,CB4856,Exposed,6,0,,,
7-Nov-19,334,8,58,5,CB4856,Control,6,0,,,
7-Nov-19,340,9,59,11,CB4856,Exposed,6,18,Died,,Y
7-Nov-19,346,10,60,11,CB4856,Exposed,6,15,Died,,Y
7-Nov-19,352,11,61,5,CB4856,Control,6,0,,,
7-Nov-19,358,12,62,5,CB4856,Control,6,2,Died,,Y
7-Nov-19,364,13,63,5,CB4856,Control,6,1,,,Y
7-Nov-19,370,14,64,11,CB4856,Exposed,6,30,,,Y
7-Nov-19,376,15,65,11,CB4856,Exposed,6,0,Dead,,Y
7-Nov-19,382,16,66,11,CB4856,Exposed,6,0,,,
7-Nov-19,391,18,68,5,CB4856,Control,6,0,,,
7-Nov-19,397,19,69,11,CB4856,Exposed,6,2,Died,,Y
7-Nov-19,403,20,70,11,CB4856,Exposed,6,15,,,Y
7-Nov-19,409,21,71,5,CB4856,Control,6,0,,,
7-Nov-19,415,22,72,11,CB4856,Exposed,6,9,,,
7-Nov-19,421,23,73,5,CB4856,Control,6,0,,,
7-Nov-19,427,24,74,11,CB4856,Exposed,6,0,Dead,,Y
7-Nov-19,433,25,75,5,CB4856,Control,6,0,,,
7-Nov-19,443,27,77,11,CB4856,Exposed,6,4,Died,,Y
7-Nov-19,449,28,78,11,CB4856,Exposed,6,12,,,Y
7-Nov-19,455,29,79,11,CB4856,Exposed,6,13,Died,,Y
7-Nov-19,461,30,80,5,CB4856,Control,6,3,Died,,Y
7-Nov-19,467,31,81,11,CB4856,Exposed,6,0,Dead,,Y
7-Nov-19,473,32,82,11,CB4856,Exposed,6,8,,,Y
7-Nov-19,479,33,83,5,CB4856,Control,6,0,,,
7-Nov-19,485,34,84,5,CB4856,Control,6,0,,,
7-Nov-19,491,35,85,11,CB4856,Exposed,6,0,Censored next day,Y,
7-Nov-19,496,36,86,5,CB4856,Control,6,0,,,
7-Nov-19,502,37,87,5,CB4856,Control,6,0,,,
7-Nov-19,508,38,88,5,CB4856,Control,6,0,,,
7-Nov-19,514,39,89,5,CB4856,Control,6,1,,,
7-Nov-19,520,40,90,5,CB4856,Control,6,0,,,
7-Nov-19,526,41,91,5,CB4856,Control,6,0,,,Y
7-Nov-19,532,42,92,11,CB4856,Exposed,6,0,Dead,,Y
7-Nov-19,538,43,93,5,CB4856,Control,6,0,,,Y
7-Nov-19,544,44,94,5,CB4856,Control,6,3,Died,,Y
7-Nov-19,550,45,95,5,CB4856,Control,6,9,Died,,Y
7-Nov-19,556,46,96,5,CB4856,Control,6,10,Died,,Y
7-Nov-19,562,47,97,11,CB4856,Exposed,6,0,Dead,,Y
7-Nov-19,568,48,98,5,CB4856,Control,6,1,,,
7-Nov-19,574,49,99,5,CB4856,Control,6,0,,,
7-Nov-19,580,50,100,11,CB4856,Exposed,6,1,Died,,Y
8-Nov-19,293,1,51,12,CB4856,Exposed,7,0,Dead,,Y
8-Nov-19,299,2,52,12,CB4856,Exposed,7,1,,,
8-Nov-19,305,3,53,12,CB4856,Exposed,7,0,Dead,,Y
8-Nov-19,311,4,54,12,CB4856,Exposed,7,0,Dead,,Y
8-Nov-19,317,5,55,6,CB4856,Control,7,0,,,
8-Nov-19,323,6,56,12,CB4856,Exposed,7,0,Dead,,Y
8-Nov-19,329,7,57,12,CB4856,Exposed,7,0,,,
8-Nov-19,335,8,58,6,CB4856,Control,7,0,,,
8-Nov-19,341,9,59,12,CB4856,Exposed,7,0,Dead,,Y
8-Nov-19,347,10,60,12,CB4856,Exposed,7,0,Dead,,Y
8-Nov-19,353,11,61,6,CB4856,Control,7,0,,,
8-Nov-19,359,12,62,6,CB4856,Control,7,0,Dead,,Y
8-Nov-19,365,13,63,6,CB4856,Control,7,4,Died,,Y
8-Nov-19,371,14,64,12,CB4856,Exposed,7,13,Died,,Y
8-Nov-19,377,15,65,12,CB4856,Exposed,7,0,Dead,,Y
8-Nov-19,383,16,66,12,CB4856,Exposed,7,1,,,
8-Nov-19,392,18,68,6,CB4856,Control,7,0,,,
8-Nov-19,398,19,69,12,CB4856,Exposed,7,0,Dead,,Y
8-Nov-19,404,20,70,12,CB4856,Exposed,7,13,Died,,Y
8-Nov-19,410,21,71,6,CB4856,Control,7,0,,,
8-Nov-19,416,22,72,12,CB4856,Exposed,7,0,,,
8-Nov-19,422,23,73,6,CB4856,Control,7,0,,,
8-Nov-19,428,24,74,12,CB4856,Exposed,7,0,Dead,,Y
8-Nov-19,434,25,75,6,CB4856,Control,7,0,,,
8-Nov-19,444,27,77,12,CB4856,Exposed,7,0,Dead,,Y
8-Nov-19,450,28,78,12,CB4856,Exposed,7,6,Died,,Y
8-Nov-19,456,29,79,12,CB4856,Exposed,7,0,Dead,,Y
8-Nov-19,462,30,80,6,CB4856,Control,7,0,Dead,,Y
8-Nov-19,468,31,81,12,CB4856,Exposed,7,0,Dead,,Y
8-Nov-19,474,32,82,12,CB4856,Exposed,7,15,Died,,Y
8-Nov-19,480,33,83,6,CB4856,Control,7,0,,,
8-Nov-19,486,34,84,6,CB4856,Control,7,0,,,
8-Nov-19,497,36,86,6,CB4856,Control,7,0,,,
8-Nov-19,503,37,87,6,CB4856,Control,7,0,,,
8-Nov-19,509,38,88,6,CB4856,Control,7,0,,,
8-Nov-19,515,39,89,6,CB4856,Control,7,0,,,
8-Nov-19,521,40,90,6,CB4856,Control,7,0,,,
8-Nov-19,527,41,91,6,CB4856,Control,7,1,Died,,Y
8-Nov-19,533,42,92,12,CB4856,Exposed,7,0,Dead,,Y
8-Nov-19,539,43,93,6,CB4856,Control,7,1,Died,,Y
8-Nov-19,545,44,94,6,CB4856,Control,7,0,Dead,,Y
8-Nov-19,551,45,95,6,CB4856,Control,7,0,Dead,,Y
8-Nov-19,557,46,96,6,CB4856,Control,7,0,Dead,,Y
8-Nov-19,563,47,97,12,CB4856,Exposed,7,0,Dead,,Y
8-Nov-19,569,48,98,6,CB4856,Control,7,0,,,
8-Nov-19,575,49,99,6,CB4856,Control,7,1,,,
8-Nov-19,581,50,100,12,CB4856,Exposed,7,0,Dead,,Y
22-Sep-19,NA,4,48,19,N2,Control,2,NA,Male,Y,
22-Sep-19,NA,4,48,19,N2,Control,2,NA,Male,Y,
22-Sep-19,1,1,1,19,N2,Exposed,2,0,,,Y
22-Sep-19,7,2,2,19,N2,Exposed,2,26,,,Y
22-Sep-19,13,3,3,19,N2,Exposed,2,26,,,Y
22-Sep-19,19,5,5,19,N2,Exposed,2,87,,,Y
22-Sep-19,25,6,6,13,N2,Control,2,58,,,Y
22-Sep-19,31,7,7,13,N2,Control,2,9,,,
22-Sep-19,37,8,8,19,N2,Exposed,2,30,,,Y
22-Sep-19,43,9,9,13,N2,Control,2,58,,,
22-Sep-19,49,10,10,13,N2,Control,2,19,,,Y
22-Sep-19,55,11,11,13,N2,Control,2,24,,,Y
22-Sep-19,61,12,12,19,N2,Exposed,2,6,,,Y
22-Sep-19,67,13,13,13,N2,Control,2,38,,,
22-Sep-19,73,14,14,13,N2,Control,2,16,,,
22-Sep-19,79,15,15,19,N2,Exposed,2,18,,,Y
22-Sep-19,85,16,16,19,N2,Exposed,2,0,,,Y
22-Sep-19,91,17,17,13,N2,Control,2,8,,,Y
22-Sep-19,97,18,18,13,N2,Control,2,4,,,
22-Sep-19,103,19,19,19,N2,Exposed,2,46,,,
22-Sep-19,109,20,20,13,N2,Control,2,41,,,
22-Sep-19,115,21,21,13,N2,Control,2,22,,,
22-Sep-19,121,22,22,13,N2,Control,2,13,,,Y
22-Sep-19,127,23,23,13,N2,Control,2,62,,,
22-Sep-19,133,24,24,19,N2,Exposed,2,11,,,Y
22-Sep-19,139,25,25,19,N2,Exposed,2,0,,,Y
22-Sep-19,145,26,26,13,N2,Control,2,52,,,
22-Sep-19,151,27,27,19,N2,Exposed,2,29,,,Y
22-Sep-19,157,28,28,19,N2,Exposed,2,11,,,Y
22-Sep-19,163,29,29,19,N2,Exposed,2,27,,,Y
22-Sep-19,169,30,30,13,N2,Control,2,42,,,Y
22-Sep-19,175,31,31,13,N2,Control,2,9,,,Y
22-Sep-19,181,32,32,13,N2,Control,2,9,,,
22-Sep-19,187,33,33,13,N2,Control,2,50,,,
22-Sep-19,193,34,34,13,N2,Control,2,50,,,
22-Sep-19,199,35,35,13,N2,Control,2,60,,,
22-Sep-19,205,36,36,19,N2,Exposed,2,22,,,
22-Sep-19,211,37,37,19,N2,Exposed,2,0,,,Y
22-Sep-19,217,38,38,19,N2,Exposed,2,34,,,Y
22-Sep-19,223,39,39,13,N2,Control,2,13,,,Y
22-Sep-19,229,40,40,19,N2,Exposed,2,0,,,
22-Sep-19,235,41,41,13,N2,Control,2,85,,,
22-Sep-19,241,42,42,13,N2,Control,2,51,,Y,
22-Sep-19,246,43,43,19,N2,Exposed,2,0,,,Y
22-Sep-19,252,44,44,19,N2,Exposed,2,0,,,Y
22-Sep-19,258,45,45,19,N2,Exposed,2,7,,,Y
22-Sep-19,264,46,46,19,N2,Exposed,2,25,,,
22-Sep-19,270,47,47,19,N2,Exposed,2,33,,,Y
22-Sep-19,276,49,49,19,N2,Exposed,2,32,,,
22-Sep-19,282,50,50,19,N2,Exposed,2,34,,,
23-Sep-19,2,1,1,20,N2,Exposed,3,2,,,Y
23-Sep-19,8,2,2,20,N2,Exposed,3,21,,,Y
23-Sep-19,14,3,3,20,N2,Exposed,3,55,,,Y
23-Sep-19,20,5,5,20,N2,Exposed,3,89,,,Y
23-Sep-19,26,6,6,14,N2,Control,3,219,,,Y
23-Sep-19,32,7,7,14,N2,Control,3,166,,,
23-Sep-19,38,8,8,20,N2,Exposed,3,109,,,Y
23-Sep-19,44,9,9,14,N2,Control,3,208,,,
23-Sep-19,50,10,10,14,N2,Control,3,55,,,Y
23-Sep-19,56,11,11,14,N2,Control,3,86,,,Y
23-Sep-19,62,12,12,20,N2,Exposed,3,16,,,Y
23-Sep-19,68,13,13,14,N2,Control,3,187,,,
23-Sep-19,74,14,14,14,N2,Control,3,183,,,
23-Sep-19,80,15,15,20,N2,Exposed,3,28,,,Y
23-Sep-19,86,16,16,20,N2,Exposed,3,11,,,Y
23-Sep-19,92,17,17,14,N2,Control,3,160,,,Y
23-Sep-19,98,18,18,14,N2,Control,3,118,,,
23-Sep-19,104,19,19,20,N2,Exposed,3,49,,,
23-Sep-19,110,20,20,14,N2,Control,3,208,,,
23-Sep-19,116,21,21,14,N2,Control,3,170,,,
23-Sep-19,122,22,22,14,N2,Control,3,171,,,Y
23-Sep-19,128,23,23,14,N2,Control,3,197,,,
23-Sep-19,134,24,24,20,N2,Exposed,3,19,,,Y
23-Sep-19,140,25,25,20,N2,Exposed,3,0,,,Y
23-Sep-19,146,26,26,14,N2,Control,3,192,,,
23-Sep-19,152,27,27,20,N2,Exposed,3,98,,,Y
23-Sep-19,158,28,28,20,N2,Exposed,3,58,,,Y
23-Sep-19,164,29,29,20,N2,Exposed,3,27,,,Y
23-Sep-19,170,30,30,14,N2,Control,3,210,,,Y
23-Sep-19,176,31,31,14,N2,Control,3,145,,,Y
23-Sep-19,182,32,32,14,N2,Control,3,160,,,
23-Sep-19,188,33,33,14,N2,Control,3,133,,,
23-Sep-19,194,34,34,14,N2,Control,3,179,,,
23-Sep-19,200,35,35,14,N2,Control,3,195,,,
23-Sep-19,206,36,36,20,N2,Exposed,3,36,,,
23-Sep-19,212,37,37,20,N2,Exposed,3,0,,,Y
23-Sep-19,218,38,38,20,N2,Exposed,3,49,,,Y
23-Sep-19,224,39,39,14,N2,Control,3,178,,,Y
23-Sep-19,230,40,40,20,N2,Exposed,3,0,,,
23-Sep-19,236,41,41,14,N2,Control,3,242,,,
23-Sep-19,242,42,42,14,N2,Control,3,191,,Y,
23-Sep-19,247,43,43,20,N2,Exposed,3,0,,,Y
23-Sep-19,253,44,44,20,N2,Exposed,3,1,,,Y
23-Sep-19,259,45,45,20,N2,Exposed,3,16,,,Y
23-Sep-19,265,46,46,20,N2,Exposed,3,22,,,
23-Sep-19,271,47,47,20,N2,Exposed,3,18,,,Y
23-Sep-19,277,49,49,20,N2,Exposed,3,41,,,
23-Sep-19,283,50,50,20,N2,Exposed,3,68,,,
24-Sep-19,3,1,1,21,N2,Exposed,4,4,Died,,Y
24-Sep-19,9,2,2,21,N2,Exposed,4,4,,,Y
24-Sep-19,15,3,3,21,N2,Exposed,4,22,,,Y
24-Sep-19,21,5,5,21,N2,Exposed,4,17,,,Y
24-Sep-19,27,6,6,15,N2,Control,4,38,,,Y
24-Sep-19,33,7,7,15,N2,Control,4,92,,,
24-Sep-19,39,8,8,21,N2,Exposed,4,26,,,Y
24-Sep-19,45,9,9,15,N2,Control,4,32,,,
24-Sep-19,51,10,10,15,N2,Control,4,31,,,Y
24-Sep-19,57,11,11,15,N2,Control,4,29,,,Y
24-Sep-19,63,12,12,21,N2,Exposed,4,2,,,Y
24-Sep-19,69,13,13,15,N2,Control,4,37,,,
24-Sep-19,75,14,14,15,N2,Control,4,88,,,
24-Sep-19,81,15,15,21,N2,Exposed,4,6,,,Y
24-Sep-19,87,16,16,21,N2,Exposed,4,4,Died,,Y
24-Sep-19,93,17,17,15,N2,Control,4,64,,,Y
24-Sep-19,99,18,18,15,N2,Control,4,50,,,
24-Sep-19,105,19,19,21,N2,Exposed,4,10,,,
24-Sep-19,111,20,20,15,N2,Control,4,55,,,
24-Sep-19,117,21,21,15,N2,Control,4,57,Died,,
24-Sep-19,123,22,22,15,N2,Control,4,62,,,Y
24-Sep-19,129,23,23,15,N2,Control,4,68,,,
24-Sep-19,135,24,24,21,N2,Exposed,4,7,Died,,Y
24-Sep-19,141,25,25,21,N2,Exposed,4,0,Died,,Y
24-Sep-19,147,26,26,15,N2,Control,4,54,,,
24-Sep-19,153,27,27,21,N2,Exposed,4,18,,,Y
24-Sep-19,159,28,28,21,N2,Exposed,4,14,Died,,Y
24-Sep-19,165,29,29,21,N2,Exposed,4,11,,,Y
24-Sep-19,171,30,30,15,N2,Control,4,45,,,Y
24-Sep-19,177,31,31,15,N2,Control,4,73,,,Y
24-Sep-19,183,32,32,15,N2,Control,4,120,,,
24-Sep-19,189,33,33,15,N2,Control,4,7,,,
24-Sep-19,195,34,34,15,N2,Control,4,46,,,
24-Sep-19,201,35,35,15,N2,Control,4,32,,,
24-Sep-19,207,36,36,21,N2,Exposed,4,13,,,
24-Sep-19,213,37,37,21,N2,Exposed,4,0,Died,,Y
24-Sep-19,219,38,38,21,N2,Exposed,4,12,,,Y
24-Sep-19,225,39,39,15,N2,Control,4,118,,,Y
24-Sep-19,231,40,40,21,N2,Exposed,4,2,,,
24-Sep-19,237,41,41,15,N2,Control,4,45,,,
24-Sep-19,243,42,42,15,N2,Control,4,57,,Y,
24-Sep-19,248,43,43,21,N2,Exposed,4,0,,,Y
24-Sep-19,254,44,44,21,N2,Exposed,4,7,,,Y
24-Sep-19,260,45,45,21,N2,Exposed,4,5,Died,,Y
24-Sep-19,266,46,46,21,N2,Exposed,4,7,,,
24-Sep-19,272,47,47,21,N2,Exposed,4,11,Died,,Y
24-Sep-19,278,49,49,21,N2,Exposed,4,8,,,
24-Sep-19,284,50,50,21,N2,Exposed,4,17,,,
25-Sep-19,4,1,1,22,N2,Exposed,5,0,Dead,,Y
25-Sep-19,10,2,2,22,N2,Exposed,5,0,Dead,,Y
25-Sep-19,16,3,3,22,N2,Exposed,5,6,,,Y
25-Sep-19,22,5,5,22,N2,Exposed,5,4,Died,,Y
25-Sep-19,28,6,6,16,N2,Control,5,2,,,Y
25-Sep-19,34,7,7,16,N2,Control,5,0,,,
25-Sep-19,40,8,8,22,N2,Exposed,5,7,,,Y
25-Sep-19,46,9,9,16,N2,Control,5,1,,,
25-Sep-19,52,10,10,16,N2,Control,5,7,,,Y
25-Sep-19,58,11,11,16,N2,Control,5,21,,,Y
25-Sep-19,64,12,12,22,N2,Exposed,5,1,Died,,Y
25-Sep-19,70,13,13,16,N2,Control,5,0,,,
25-Sep-19,76,14,14,16,N2,Control,5,1,,,
25-Sep-19,82,15,15,22,N2,Exposed,5,3,,,Y
25-Sep-19,88,16,16,22,N2,Exposed,5,0,Dead,,Y
25-Sep-19,94,17,17,16,N2,Control,5,2,,,Y
25-Sep-19,100,18,18,16,N2,Control,5,0,,,
25-Sep-19,106,19,19,22,N2,Exposed,5,3,,,
25-Sep-19,112,20,20,16,N2,Control,5,0,,,
25-Sep-19,118,21,21,16,N2,Control,5,14,,,
25-Sep-19,124,22,22,16,N2,Control,5,19,,,Y
25-Sep-19,130,23,23,16,N2,Control,5,0,,,
25-Sep-19,136,24,24,22,N2,Exposed,5,0,Dead,,Y
25-Sep-19,142,25,25,22,N2,Exposed,5,0,Died,,Y
25-Sep-19,148,26,26,16,N2,Control,5,2,,,
25-Sep-19,154,27,27,22,N2,Exposed,5,4,Died,,Y
25-Sep-19,160,28,28,22,N2,Exposed,5,0,Dead,,Y
25-Sep-19,166,29,29,22,N2,Exposed,5,5,,,Y
25-Sep-19,172,30,30,16,N2,Control,5,1,,,Y
25-Sep-19,178,31,31,16,N2,Control,5,4,,,Y
25-Sep-19,184,32,32,16,N2,Control,5,2,,,
25-Sep-19,190,33,33,16,N2,Control,5,0,,,
25-Sep-19,196,34,34,16,N2,Control,5,5,,,
25-Sep-19,202,35,35,16,N2,Control,5,5,,,
25-Sep-19,208,36,36,22,N2,Exposed,5,35,,,
25-Sep-19,214,37,37,22,N2,Exposed,5,0,Dead,,Y
25-Sep-19,220,38,38,22,N2,Exposed,5,8,Died,,Y
25-Sep-19,226,39,39,16,N2,Control,5,0,,,Y
25-Sep-19,232,40,40,22,N2,Exposed,5,6,,,
25-Sep-19,238,41,41,16,N2,Control,5,0,,,
25-Sep-19,244,42,42,16,N2,Control,5,0,,Y,
25-Sep-19,249,43,43,22,N2,Exposed,5,0,Dead,,Y
25-Sep-19,255,44,44,22,N2,Exposed,5,1,,,Y
25-Sep-19,261,45,45,22,N2,Exposed,5,0,Dead,,Y
25-Sep-19,267,46,46,22,N2,Exposed,5,4,,,
25-Sep-19,273,47,47,22,N2,Exposed,5,0,Dead,,Y
25-Sep-19,279,49,49,22,N2,Exposed,5,21,,,
25-Sep-19,285,50,50,22,N2,Exposed,5,29,,,
26-Sep-19,5,1,1,23,N2,Exposed,6,0,Dead,,Y
26-Sep-19,11,2,2,23,N2,Exposed,6,0,Dead,,Y
26-Sep-19,17,3,3,23,N2,Exposed,6,5,Died,,Y
26-Sep-19,23,5,5,23,N2,Exposed,6,0,Died,,Y
26-Sep-19,29,6,6,17,N2,Control,6,0,,,Y
26-Sep-19,35,7,7,17,N2,Control,6,0,,,
26-Sep-19,41,8,8,23,N2,Exposed,6,6,Died,,Y
26-Sep-19,47,9,9,17,N2,Control,6,3,,,
26-Sep-19,53,10,10,17,N2,Control,6,0,Dead,,Y
26-Sep-19,59,11,11,17,N2,Control,6,10,,,Y
26-Sep-19,65,12,12,23,N2,Exposed,6,0,Dead,,Y
26-Sep-19,71,13,13,17,N2,Control,6,0,,,
26-Sep-19,77,14,14,17,N2,Control,6,2,,,
26-Sep-19,83,15,15,23,N2,Exposed,6,3,Died,,Y
26-Sep-19,89,16,16,23,N2,Exposed,6,0,Dead,,Y
26-Sep-19,95,17,17,17,N2,Control,6,10,Died,,Y
26-Sep-19,101,18,18,17,N2,Control,6,0,,,
26-Sep-19,107,19,19,23,N2,Exposed,6,3,,,
26-Sep-19,113,20,20,17,N2,Control,6,0,,,
26-Sep-19,119,21,21,17,N2,Control,6,3,,,
26-Sep-19,125,22,22,17,N2,Control,6,4,Died,,Y
26-Sep-19,131,23,23,17,N2,Control,6,0,,,
26-Sep-19,137,24,24,23,N2,Exposed,6,0,Dead,,Y
26-Sep-19,143,25,25,23,N2,Exposed,6,0,Dead,,Y
26-Sep-19,149,26,26,17,N2,Control,6,0,,,
26-Sep-19,155,27,27,23,N2,Exposed,6,0,Dead,,Y
26-Sep-19,161,28,28,23,N2,Exposed,6,0,Dead,,Y
26-Sep-19,167,29,29,23,N2,Exposed,6,8,Died,,Y
26-Sep-19,173,30,30,17,N2,Control,6,1,,,Y
26-Sep-19,179,31,31,17,N2,Control,6,7,,,Y
26-Sep-19,185,32,32,17,N2,Control,6,1,,,
26-Sep-19,191,33,33,17,N2,Control,6,0,,,
26-Sep-19,197,34,34,17,N2,Control,6,5,,,
26-Sep-19,203,35,35,17,N2,Control,6,1,,,
26-Sep-19,209,36,36,23,N2,Exposed,6,39,,,
26-Sep-19,215,37,37,23,N2,Exposed,6,0,Dead,,Y
26-Sep-19,221,38,38,23,N2,Exposed,6,0,Dead,,Y
26-Sep-19,227,39,39,17,N2,Control,6,0,,,Y
26-Sep-19,233,40,40,23,N2,Exposed,6,9,,,
26-Sep-19,239,41,41,17,N2,Control,6,0,,,
26-Sep-19,245,42,42,17,N2,Control,6,0,Censored next day,Y,
26-Sep-19,250,43,43,23,N2,Exposed,6,0,Dead,,Y
26-Sep-19,256,44,44,23,N2,Exposed,6,1,Died,,Y
26-Sep-19,262,45,45,23,N2,Exposed,6,0,Dead,,Y
26-Sep-19,268,46,46,23,N2,Exposed,6,7,,,
26-Sep-19,274,47,47,23,N2,Exposed,6,0,Dead,,Y
26-Sep-19,280,49,49,23,N2,Exposed,6,17,,,
26-Sep-19,286,50,50,23,N2,Exposed,6,10,,,
27-Sep-19,6,1,1,24,N2,Exposed,7,0,Dead,,Y
27-Sep-19,12,2,2,24,N2,Exposed,7,0,Dead,,Y
27-Sep-19,18,3,3,24,N2,Exposed,7,0,Dead,,Y
27-Sep-19,24,5,5,24,N2,Exposed,7,0,Dead,,Y
27-Sep-19,30,6,6,18,N2,Control,7,1,Died,,Y
27-Sep-19,36,7,7,18,N2,Control,7,0,,,
27-Sep-19,42,8,8,24,N2,Exposed,7,0,Dead,,Y
27-Sep-19,48,9,9,18,N2,Control,7,6,,,
27-Sep-19,54,10,10,18,N2,Control,7,0,Dead,,Y
27-Sep-19,60,11,11,18,N2,Control,7,11,Died,,Y
27-Sep-19,66,12,12,24,N2,Exposed,7,0,Dead,,Y
27-Sep-19,72,13,13,18,N2,Control,7,0,,,
27-Sep-19,78,14,14,18,N2,Control,7,2,,,
27-Sep-19,84,15,15,24,N2,Exposed,7,0,Dead,,Y
27-Sep-19,90,16,16,24,N2,Exposed,7,0,Dead,,Y
27-Sep-19,96,17,17,18,N2,Control,7,0,Dead,,Y
27-Sep-19,102,18,18,18,N2,Control,7,0,,,
27-Sep-19,108,19,19,24,N2,Exposed,7,3,,,
27-Sep-19,114,20,20,18,N2,Control,7,0,Died,,
27-Sep-19,120,21,21,18,N2,Control,7,3,,,
27-Sep-19,126,22,22,18,N2,Control,7,0,Dead,,Y
27-Sep-19,132,23,23,18,N2,Control,7,0,,,
27-Sep-19,138,24,24,24,N2,Exposed,7,0,Dead,,Y
27-Sep-19,144,25,25,24,N2,Exposed,7,0,Dead,,Y
27-Sep-19,150,26,26,18,N2,Control,7,0,,,
27-Sep-19,156,27,27,24,N2,Exposed,7,0,Dead,,Y
27-Sep-19,162,28,28,24,N2,Exposed,7,0,Dead,,Y
27-Sep-19,168,29,29,24,N2,Exposed,7,0,Dead,,Y
27-Sep-19,174,30,30,18,N2,Control,7,2,Died,,Y
27-Sep-19,180,31,31,18,N2,Control,7,4,Died,,Y
27-Sep-19,186,32,32,18,N2,Control,7,2,,,
27-Sep-19,192,33,33,18,N2,Control,7,0,,,
27-Sep-19,198,34,34,18,N2,Control,7,3,,,
27-Sep-19,204,35,35,18,N2,Control,7,0,,,
27-Sep-19,210,36,36,24,N2,Exposed,7,20,,,
27-Sep-19,216,37,37,24,N2,Exposed,7,0,Dead,,Y
27-Sep-19,222,38,38,24,N2,Exposed,7,0,Dead,,Y
27-Sep-19,228,39,39,18,N2,Control,7,0,Died,,Y
27-Sep-19,234,40,40,24,N2,Exposed,7,7,,,
27-Sep-19,240,41,41,18,N2,Control,7,0,,,
27-Sep-19,251,43,43,24,N2,Exposed,7,0,Dead,,Y
27-Sep-19,257,44,44,24,N2,Exposed,7,0,Dead,,Y
27-Sep-19,263,45,45,24,N2,Exposed,7,0,Dead,,Y
27-Sep-19,269,46,46,24,N2,Exposed,7,0,,,
27-Sep-19,275,47,47,24,N2,Exposed,7,0,Dead,,Y
27-Sep-19,281,49,49,24,N2,Exposed,7,8,,,
27-Sep-19,287,50,50,24,N2,Exposed,7,12,,,
17-Nov-19,582,1,101,25,JU1762,Control,2,117,,,Y
17-Nov-19,588,2,102,25,JU1762,Control,2,63,,,Y
17-Nov-19,594,3,103,25,JU1762,Control,2,77,,,
17-Nov-19,600,4,104,25,JU1762,Control,2,88,,,
17-Nov-19,606,5,105,31,JU1762,Exposed,2,46,,,Y
17-Nov-19,612,6,106,31,JU1762,Exposed,2,21,,,Y
17-Nov-19,618,7,107,25,JU1762,Control,2,69,,,
17-Nov-19,624,8,108,31,JU1762,Exposed,2,11,,,Y
17-Nov-19,630,9,109,31,JU1762,Exposed,2,41,,,Y
17-Nov-19,636,10,110,25,JU1762,Control,2,68,,,
17-Nov-19,642,11,111,31,JU1762,Exposed,2,45,,,Y
17-Nov-19,648,12,112,31,JU1762,Exposed,2,11,,,
17-Nov-19,654,13,113,25,JU1762,Control,2,4,,,Y
17-Nov-19,660,14,114,31,JU1762,Exposed,2,51,,,Y
17-Nov-19,666,15,115,25,JU1762,Control,2,92,,,Y
17-Nov-19,672,16,116,25,JU1762,Control,2,75,,,
17-Nov-19,678,17,117,25,JU1762,Control,2,14,,,
17-Nov-19,684,18,118,25,JU1762,Control,2,66,,,Y
17-Nov-19,690,19,119,25,JU1762,Control,2,28,,,
17-Nov-19,696,20,120,25,JU1762,Control,2,58,,,
17-Nov-19,702,21,121,25,JU1762,Control,2,77,,,Y
17-Nov-19,708,22,122,25,JU1762,Control,2,50,,,
17-Nov-19,714,23,123,31,JU1762,Exposed,2,18,,,Y
17-Nov-19,720,24,124,31,JU1762,Exposed,2,44,,,Y
17-Nov-19,726,25,125,31,JU1762,Exposed,2,20,,,Y
17-Nov-19,732,26,126,25,JU1762,Control,2,62,,,
17-Nov-19,738,27,127,25,JU1762,Control,2,29,,,
17-Nov-19,744,28,128,31,JU1762,Exposed,2,43,,,Y
17-Nov-19,750,29,129,31,JU1762,Exposed,2,58,,,Y
17-Nov-19,756,30,130,31,JU1762,Exposed,2,15,,,
17-Nov-19,762,31,131,25,JU1762,Control,2,78,,,
17-Nov-19,768,32,132,31,JU1762,Exposed,2,49,,,Y
17-Nov-19,774,33,133,25,JU1762,Control,2,60,,,
17-Nov-19,780,34,134,31,JU1762,Exposed,2,30,,,Y
17-Nov-19,786,35,135,31,JU1762,Exposed,2,47,,,
17-Nov-19,792,36,136,31,JU1762,Exposed,2,44,,,
17-Nov-19,798,37,137,25,JU1762,Control,2,88,,,Y
17-Nov-19,804,38,138,31,JU1762,Exposed,2,25,,,Y
17-Nov-19,810,39,139,31,JU1762,Exposed,2,5,,,Y
17-Nov-19,816,40,140,25,JU1762,Control,2,27,,,
17-Nov-19,822,41,141,25,JU1762,Control,2,49,,,Y
17-Nov-19,828,42,142,31,JU1762,Exposed,2,37,,,Y
17-Nov-19,834,43,143,31,JU1762,Exposed,2,54,,,
17-Nov-19,840,44,144,25,JU1762,Control,2,25,,,Y
17-Nov-19,846,45,145,31,JU1762,Exposed,2,42,,,Y
17-Nov-19,852,46,146,31,JU1762,Exposed,2,53,,,Y
17-Nov-19,858,47,147,31,JU1762,Exposed,2,51,,,
17-Nov-19,864,48,148,31,JU1762,Exposed,2,1,,,Y
17-Nov-19,870,49,149,25,JU1762,Control,2,74,,,
17-Nov-19,876,50,150,25,JU1762,Control,2,110,,,Y
18-Nov-19,583,1,101,26,JU1762,Control,3,114,,,Y
18-Nov-19,589,2,102,26,JU1762,Control,3,196,,,Y
18-Nov-19,595,3,103,26,JU1762,Control,3,196,,,
18-Nov-19,601,4,104,26,JU1762,Control,3,146,,,
18-Nov-19,607,5,105,32,JU1762,Exposed,3,170,,,Y
18-Nov-19,613,6,106,32,JU1762,Exposed,3,54,,,Y
18-Nov-19,619,7,107,26,JU1762,Control,3,194,,,
18-Nov-19,625,8,108,32,JU1762,Exposed,3,80,,,Y
18-Nov-19,631,9,109,32,JU1762,Exposed,3,146,,,Y
18-Nov-19,637,10,110,26,JU1762,Control,3,190,,,
18-Nov-19,643,11,111,32,JU1762,Exposed,3,191,,,Y
18-Nov-19,649,12,112,32,JU1762,Exposed,3,142,,,
18-Nov-19,655,13,113,26,JU1762,Control,3,150,,,Y
18-Nov-19,661,14,114,32,JU1762,Exposed,3,138,,,Y
18-Nov-19,667,15,115,26,JU1762,Control,3,159,,,Y
18-Nov-19,673,16,116,26,JU1762,Control,3,162,,,
18-Nov-19,679,17,117,26,JU1762,Control,3,172,,,
18-Nov-19,685,18,118,26,JU1762,Control,3,182,,,Y
18-Nov-19,691,19,119,26,JU1762,Control,3,197,,,
18-Nov-19,697,20,120,26,JU1762,Control,3,142,,,
18-Nov-19,703,21,121,26,JU1762,Control,3,153,,,Y
18-Nov-19,709,22,122,26,JU1762,Control,3,143,,,
18-Nov-19,715,23,123,32,JU1762,Exposed,3,21,,,Y
18-Nov-19,721,24,124,32,JU1762,Exposed,3,32,,,Y
18-Nov-19,727,25,125,32,JU1762,Exposed,3,133,,,Y
18-Nov-19,733,26,126,26,JU1762,Control,3,169,,,
18-Nov-19,739,27,127,26,JU1762,Control,3,188,,,
18-Nov-19,745,28,128,32,JU1762,Exposed,3,79,,,Y
18-Nov-19,751,29,129,32,JU1762,Exposed,3,127,,,Y
18-Nov-19,757,30,130,32,JU1762,Exposed,3,191,,,
18-Nov-19,763,31,131,26,JU1762,Control,3,170,,,
18-Nov-19,769,32,132,32,JU1762,Exposed,3,53,,,Y
18-Nov-19,775,33,133,26,JU1762,Control,3,188,,,
18-Nov-19,781,34,134,32,JU1762,Exposed,3,109,,,Y
18-Nov-19,787,35,135,32,JU1762,Exposed,3,173,,,
18-Nov-19,793,36,136,32,JU1762,Exposed,3,138,,,
18-Nov-19,799,37,137,26,JU1762,Control,3,134,,,Y
18-Nov-19,805,38,138,32,JU1762,Exposed,3,123,,,Y
18-Nov-19,811,39,139,32,JU1762,Exposed,3,15,,,Y
18-Nov-19,817,40,140,26,JU1762,Control,3,191,,,
18-Nov-19,823,41,141,26,JU1762,Control,3,63,,,Y
18-Nov-19,829,42,142,32,JU1762,Exposed,3,182,,,Y
18-Nov-19,835,43,143,32,JU1762,Exposed,3,178,,,
18-Nov-19,841,44,144,26,JU1762,Control,3,144,,,Y
18-Nov-19,847,45,145,32,JU1762,Exposed,3,70,,,Y
18-Nov-19,853,46,146,32,JU1762,Exposed,3,117,,,Y
18-Nov-19,859,47,147,32,JU1762,Exposed,3,146,,,
18-Nov-19,865,48,148,32,JU1762,Exposed,3,0,,,Y
18-Nov-19,871,49,149,26,JU1762,Control,3,172,,,
18-Nov-19,877,50,150,26,JU1762,Control,3,168,,,Y
19-Nov-19,584,1,101,27,JU1762,Control,4,2,,,Y
19-Nov-19,590,2,102,27,JU1762,Control,4,52,,,Y
19-Nov-19,596,3,103,27,JU1762,Control,4,19,,,
19-Nov-19,602,4,104,27,JU1762,Control,4,8,,,
19-Nov-19,608,5,105,33,JU1762,Exposed,4,107,,,Y
19-Nov-19,614,6,106,33,JU1762,Exposed,4,14,,,Y
19-Nov-19,620,7,107,27,JU1762,Control,4,18,,,
19-Nov-19,626,8,108,33,JU1762,Exposed,4,20,Died,,Y
19-Nov-19,632,9,109,33,JU1762,Exposed,4,59,,,Y
19-Nov-19,638,10,110,27,JU1762,Control,4,8,,,
19-Nov-19,644,11,111,33,JU1762,Exposed,4,21,,,Y
19-Nov-19,650,12,112,33,JU1762,Exposed,4,87,,,
19-Nov-19,656,13,113,27,JU1762,Control,4,43,,,Y
19-Nov-19,662,14,114,33,JU1762,Exposed,4,49,,,Y
19-Nov-19,668,15,115,27,JU1762,Control,4,34,,,Y
19-Nov-19,674,16,116,27,JU1762,Control,4,7,,,
19-Nov-19,680,17,117,27,JU1762,Control,4,91,,,
19-Nov-19,686,18,118,27,JU1762,Control,4,31,,,Y
19-Nov-19,692,19,119,27,JU1762,Control,4,27,,,
19-Nov-19,698,20,120,27,JU1762,Control,4,14,,,
19-Nov-19,704,21,121,27,JU1762,Control,4,1,Died,,Y
19-Nov-19,710,22,122,27,JU1762,Control,4,24,,,
19-Nov-19,716,23,123,33,JU1762,Exposed,4,3,Died,,Y
19-Nov-19,722,24,124,33,JU1762,Exposed,4,8,,,Y
19-Nov-19,728,25,125,33,JU1762,Exposed,4,29,,,Y
19-Nov-19,734,26,126,27,JU1762,Control,4,22,,,
19-Nov-19,740,27,127,27,JU1762,Control,4,23,,,
19-Nov-19,746,28,128,33,JU1762,Exposed,4,17,,,Y
19-Nov-19,752,29,129,33,JU1762,Exposed,4,44,,,Y
19-Nov-19,758,30,130,33,JU1762,Exposed,4,56,,,
19-Nov-19,764,31,131,27,JU1762,Control,4,35,,,
19-Nov-19,770,32,132,33,JU1762,Exposed,4,22,,,Y
19-Nov-19,776,33,133,27,JU1762,Control,4,7,,,
19-Nov-19,782,34,134,33,JU1762,Exposed,4,37,,,Y
19-Nov-19,788,35,135,33,JU1762,Exposed,4,33,,,
19-Nov-19,794,36,136,33,JU1762,Exposed,4,82,,,
19-Nov-19,800,37,137,27,JU1762,Control,4,3,,,Y
19-Nov-19,806,38,138,33,JU1762,Exposed,4,32,,,Y
19-Nov-19,812,39,139,33,JU1762,Exposed,4,0,Died,,Y
19-Nov-19,818,40,140,27,JU1762,Control,4,50,,,
19-Nov-19,824,41,141,27,JU1762,Control,4,28,,,Y
19-Nov-19,830,42,142,33,JU1762,Exposed,4,77,,,Y
19-Nov-19,836,43,143,33,JU1762,Exposed,4,84,,,
19-Nov-19,842,44,144,27,JU1762,Control,4,16,,,Y
19-Nov-19,848,45,145,33,JU1762,Exposed,4,10,,,Y
19-Nov-19,854,46,146,33,JU1762,Exposed,4,59,,,Y
19-Nov-19,860,47,147,33,JU1762,Exposed,4,40,,,
19-Nov-19,866,48,148,33,JU1762,Exposed,4,0,Died,,Y
19-Nov-19,872,49,149,27,JU1762,Control,4,2,,,
19-Nov-19,878,50,150,27,JU1762,Control,4,10,,,Y
20-Nov-19,585,1,101,28,JU1762,Control,5,3,,,Y
20-Nov-19,591,2,102,28,JU1762,Control,5,3,Died,,Y
20-Nov-19,597,3,103,28,JU1762,Control,5,0,,,
20-Nov-19,603,4,104,28,JU1762,Control,5,0,,,
20-Nov-19,609,5,105,34,JU1762,Exposed,5,4,,,Y
20-Nov-19,615,6,106,34,JU1762,Exposed,5,2,Died,,Y
20-Nov-19,621,7,107,28,JU1762,Control,5,0,,,
20-Nov-19,627,8,108,34,JU1762,Exposed,5,0,Dead,,Y
20-Nov-19,633,9,109,34,JU1762,Exposed,5,20,,,Y
20-Nov-19,639,10,110,28,JU1762,Control,5,0,,,
20-Nov-19,645,11,111,34,JU1762,Exposed,5,1,,,Y
20-Nov-19,651,12,112,34,JU1762,Exposed,5,3,,,
20-Nov-19,657,13,113,28,JU1762,Control,5,0,,,Y
20-Nov-19,663,14,114,34,JU1762,Exposed,5,11,,,Y
20-Nov-19,669,15,115,28,JU1762,Control,5,8,Died,,Y
20-Nov-19,675,16,116,28,JU1762,Control,5,0,,,
20-Nov-19,681,17,117,28,JU1762,Control,5,1,,,
20-Nov-19,687,18,118,28,JU1762,Control,5,0,,,Y
20-Nov-19,693,19,119,28,JU1762,Control,5,3,,,
20-Nov-19,699,20,120,28,JU1762,Control,5,0,,,
20-Nov-19,705,21,121,28,JU1762,Control,5,0,Dead,,Y
20-Nov-19,711,22,122,28,JU1762,Control,5,0,,,
20-Nov-19,717,23,123,34,JU1762,Exposed,5,0,Dead,,Y
20-Nov-19,723,24,124,34,JU1762,Exposed,5,6,,,Y
20-Nov-19,729,25,125,34,JU1762,Exposed,5,6,,,Y
20-Nov-19,735,26,126,28,JU1762,Control,5,0,,,
20-Nov-19,741,27,127,28,JU1762,Control,5,1,,,
20-Nov-19,747,28,128,34,JU1762,Exposed,5,12,,,Y
20-Nov-19,753,29,129,34,JU1762,Exposed,5,12,,,Y
20-Nov-19,759,30,130,34,JU1762,Exposed,5,2,,,
20-Nov-19,765,31,131,28,JU1762,Control,5,0,,,
20-Nov-19,771,32,132,34,JU1762,Exposed,5,14,,,Y
20-Nov-19,777,33,133,28,JU1762,Control,5,0,,,
20-Nov-19,783,34,134,34,JU1762,Exposed,5,21,,,Y
20-Nov-19,789,35,135,34,JU1762,Exposed,5,0,,,
20-Nov-19,795,36,136,34,JU1762,Exposed,5,5,,,
20-Nov-19,801,37,137,28,JU1762,Control,5,0,,,Y
20-Nov-19,807,38,138,34,JU1762,Exposed,5,10,Died,,Y
20-Nov-19,813,39,139,34,JU1762,Exposed,5,0,Dead,,Y
20-Nov-19,819,40,140,28,JU1762,Control,5,0,,,
20-Nov-19,825,41,141,28,JU1762,Control,5,13,,,Y
20-Nov-19,831,42,142,34,JU1762,Exposed,5,0,,,Y
20-Nov-19,837,43,143,34,JU1762,Exposed,5,1,,,
20-Nov-19,843,44,144,28,JU1762,Control,5,5,Died,,Y
20-Nov-19,849,45,145,34,JU1762,Exposed,5,8,,,Y
20-Nov-19,855,46,146,34,JU1762,Exposed,5,11,,,Y
20-Nov-19,861,47,147,34,JU1762,Exposed,5,9,,,
20-Nov-19,867,48,148,34,JU1762,Exposed,5,0,Dead,,Y
20-Nov-19,873,49,149,28,JU1762,Control,5,0,,,
20-Nov-19,879,50,150,28,JU1762,Control,5,0,,,Y
21-Nov-19,586,1,101,29,JU1762,Control,6,0,,,Y
21-Nov-19,592,2,102,29,JU1762,Control,6,0,Dead,,Y
21-Nov-19,598,3,103,29,JU1762,Control,6,0,,,
21-Nov-19,604,4,104,29,JU1762,Control,6,0,,,
21-Nov-19,610,5,105,35,JU1762,Exposed,6,0,,,Y
21-Nov-19,616,6,106,35,JU1762,Exposed,6,0,Dead,,Y
21-Nov-19,622,7,107,29,JU1762,Control,6,0,,,
21-Nov-19,628,8,108,35,JU1762,Exposed,6,0,Dead,,Y
21-Nov-19,634,9,109,35,JU1762,Exposed,6,1,Died,,Y
21-Nov-19,640,10,110,29,JU1762,Control,6,0,,,
21-Nov-19,646,11,111,35,JU1762,Exposed,6,0,,,Y
21-Nov-19,652,12,112,35,JU1762,Exposed,6,0,,,
21-Nov-19,658,13,113,29,JU1762,Control,6,0,,,Y
21-Nov-19,664,14,114,35,JU1762,Exposed,6,3,,,Y
21-Nov-19,670,15,115,29,JU1762,Control,6,0,Dead,,Y
21-Nov-19,676,16,116,29,JU1762,Control,6,0,,,
21-Nov-19,682,17,117,29,JU1762,Control,6,1,,,
21-Nov-19,688,18,118,29,JU1762,Control,6,0,,,Y
21-Nov-19,694,19,119,29,JU1762,Control,6,0,,,
21-Nov-19,700,20,120,29,JU1762,Control,6,0,,,
21-Nov-19,706,21,121,29,JU1762,Control,6,0,Dead,,Y
21-Nov-19,712,22,122,29,JU1762,Control,6,0,,,
21-Nov-19,718,23,123,35,JU1762,Exposed,6,0,Dead,,Y
21-Nov-19,724,24,124,35,JU1762,Exposed,6,0,Died,,Y
21-Nov-19,730,25,125,35,JU1762,Exposed,6,0,Died,,Y
21-Nov-19,736,26,126,29,JU1762,Control,6,0,,,
21-Nov-19,742,27,127,29,JU1762,Control,6,0,,,
21-Nov-19,748,28,128,35,JU1762,Exposed,6,4,Died,,Y
21-Nov-19,754,29,129,35,JU1762,Exposed,6,2,Died,,Y
21-Nov-19,760,30,130,35,JU1762,Exposed,6,1,,,
21-Nov-19,766,31,131,29,JU1762,Control,6,0,,,
21-Nov-19,772,32,132,35,JU1762,Exposed,6,17,Died,,Y
21-Nov-19,778,33,133,29,JU1762,Control,6,0,,,
21-Nov-19,784,34,134,35,JU1762,Exposed,6,9,Died,,Y
21-Nov-19,790,35,135,35,JU1762,Exposed,6,0,,,
21-Nov-19,796,36,136,35,JU1762,Exposed,6,0,,,
21-Nov-19,802,37,137,29,JU1762,Control,6,0,,,Y
21-Nov-19,808,38,138,35,JU1762,Exposed,6,0,Dead,,Y
21-Nov-19,814,39,139,35,JU1762,Exposed,6,0,Dead,,Y
21-Nov-19,820,40,140,29,JU1762,Control,6,0,,,
21-Nov-19,826,41,141,29,JU1762,Control,6,9,Died,,Y
21-Nov-19,832,42,142,35,JU1762,Exposed,6,0,,,Y
21-Nov-19,838,43,143,35,JU1762,Exposed,6,0,,,
21-Nov-19,844,44,144,29,JU1762,Control,6,0,Dead,,Y
21-Nov-19,850,45,145,35,JU1762,Exposed,6,1,Died,,Y
21-Nov-19,856,46,146,35,JU1762,Exposed,6,0,,,Y
21-Nov-19,862,47,147,35,JU1762,Exposed,6,0,,,
21-Nov-19,868,48,148,35,JU1762,Exposed,6,0,Dead,,Y
21-Nov-19,874,49,149,29,JU1762,Control,6,0,,,
21-Nov-19,880,50,150,29,JU1762,Control,6,0,Died,,Y
22-Nov-19,587,1,101,30,JU1762,Control,7,2,Died,,Y
22-Nov-19,593,2,102,30,JU1762,Control,7,0,Dead,,Y
22-Nov-19,599,3,103,30,JU1762,Control,7,0,,,
22-Nov-19,605,4,104,30,JU1762,Control,7,0,,,
22-Nov-19,611,5,105,36,JU1762,Exposed,7,0,Died,,Y
22-Nov-19,617,6,106,36,JU1762,Exposed,7,0,Dead,,Y
22-Nov-19,623,7,107,30,JU1762,Control,7,0,,,
22-Nov-19,629,8,108,36,JU1762,Exposed,7,0,Dead,,Y
22-Nov-19,635,9,109,36,JU1762,Exposed,7,0,Dead,,Y
22-Nov-19,641,10,110,30,JU1762,Control,7,0,,,
22-Nov-19,647,11,111,36,JU1762,Exposed,7,0,Died,,Y
22-Nov-19,653,12,112,36,JU1762,Exposed,7,1,,,
22-Nov-19,659,13,113,30,JU1762,Control,7,2,Died,,Y
22-Nov-19,665,14,114,36,JU1762,Exposed,7,0,Died,,Y
22-Nov-19,671,15,115,30,JU1762,Control,7,0,Dead,,Y
22-Nov-19,677,16,116,30,JU1762,Control,7,0,,,
22-Nov-19,683,17,117,30,JU1762,Control,7,0,,,
22-Nov-19,689,18,118,30,JU1762,Control,7,0,Died,,Y
22-Nov-19,695,19,119,30,JU1762,Control,7,0,,,
22-Nov-19,701,20,120,30,JU1762,Control,7,0,,,
22-Nov-19,707,21,121,30,JU1762,Control,7,0,Dead,,Y
22-Nov-19,713,22,122,30,JU1762,Control,7,0,,,
22-Nov-19,719,23,123,36,JU1762,Exposed,7,0,Dead,,Y
22-Nov-19,725,24,124,36,JU1762,Exposed,7,0,Dead,,Y
22-Nov-19,731,25,125,36,JU1762,Exposed,7,0,Dead,,Y
22-Nov-19,737,26,126,30,JU1762,Control,7,0,,,
22-Nov-19,743,27,127,30,JU1762,Control,7,0,,,
22-Nov-19,749,28,128,36,JU1762,Exposed,7,0,Dead,,Y
22-Nov-19,755,29,129,36,JU1762,Exposed,7,0,Dead,,Y
22-Nov-19,761,30,130,36,JU1762,Exposed,7,0,,,
22-Nov-19,767,31,131,30,JU1762,Control,7,0,,,
22-Nov-19,773,32,132,36,JU1762,Exposed,7,0,Dead,,Y
22-Nov-19,779,33,133,30,JU1762,Control,7,0,,,
22-Nov-19,785,34,134,36,JU1762,Exposed,7,0,Dead,,Y
22-Nov-19,791,35,135,36,JU1762,Exposed,7,0,,,
22-Nov-19,797,36,136,36,JU1762,Exposed,7,0,,,
22-Nov-19,803,37,137,30,JU1762,Control,7,0,Died,,Y
22-Nov-19,809,38,138,36,JU1762,Exposed,7,0,Dead,,Y
22-Nov-19,815,39,139,36,JU1762,Exposed,7,0,Dead,,Y
22-Nov-19,821,40,140,30,JU1762,Control,7,0,,,
22-Nov-19,827,41,141,30,JU1762,Control,7,0,Dead,,Y
22-Nov-19,833,42,142,36,JU1762,Exposed,7,0,Died,,Y
22-Nov-19,839,43,143,36,JU1762,Exposed,7,0,,,
22-Nov-19,845,44,144,30,JU1762,Control,7,0,Dead,,Y
22-Nov-19,851,45,145,36,JU1762,Exposed,7,0,Dead,,Y
22-Nov-19,857,46,146,36,JU1762,Exposed,7,4,Died,,Y
22-Nov-19,863,47,147,36,JU1762,Exposed,7,0,,,
22-Nov-19,869,48,148,36,JU1762,Exposed,7,0,Dead,,Y
22-Nov-19,875,49,149,30,JU1762,Control,7,0,,,
22-Nov-19,881,50,150,30,JU1762,Control,7,0,Dead,,Y
8-Dec-19,882,1,151,37,JU2132,Control,2,79,,,
8-Dec-19,888,2,152,37,JU2132,Control,2,24,,,
8-Dec-19,894,3,153,37,JU2132,Control,2,84,,,
8-Dec-19,900,4,154,43,JU2132,Exposed,2,97,,,
8-Dec-19,906,5,155,43,JU2132,Exposed,2,13,small,,
8-Dec-19,912,6,156,37,JU2132,Control,2,1,,,
8-Dec-19,918,7,157,43,JU2132,Exposed,2,16,,,Y
8-Dec-19,924,8,158,37,JU2132,Control,2,33,,,
8-Dec-19,930,9,159,43,JU2132,Exposed,2,69,,,Y
8-Dec-19,936,10,160,37,JU2132,Control,2,71,,,
8-Dec-19,942,11,161,43,JU2132,Exposed,2,35,,,
8-Dec-19,948,12,162,43,JU2132,Exposed,2,73,,,Y
8-Dec-19,954,13,163,43,JU2132,Exposed,2,67,,,Y
8-Dec-19,960,14,164,37,JU2132,Control,2,31,,,Y
8-Dec-19,966,15,165,43,JU2132,Exposed,2,22,,,Y
8-Dec-19,972,16,166,37,JU2132,Control,2,79,,,
8-Dec-19,978,17,167,43,JU2132,Exposed,2,73,,,
8-Dec-19,984,18,168,37,JU2132,Control,2,32,,,Y
8-Dec-19,990,19,169,43,JU2132,Exposed,2,86,,,
8-Dec-19,996,20,170,43,JU2132,Exposed,2,11,,,Y
8-Dec-19,1002,21,171,43,JU2132,Exposed,2,30,,,
8-Dec-19,1008,22,172,43,JU2132,Exposed,2,0,,,Y
8-Dec-19,1014,23,173,43,JU2132,Exposed,2,39,,,Y
8-Dec-19,1020,24,174,37,JU2132,Control,2,23,,,Y
8-Dec-19,1026,25,175,43,JU2132,Exposed,2,21,,,Y
8-Dec-19,1032,26,176,37,JU2132,Control,2,76,,,
8-Dec-19,1038,27,177,43,JU2132,Exposed,2,0,,,Y
8-Dec-19,1044,28,178,37,JU2132,Control,2,13,,,Y
8-Dec-19,1050,29,179,43,JU2132,Exposed,2,87,,,
8-Dec-19,1056,30,180,43,JU2132,Exposed,2,21,,,Y
8-Dec-19,1062,31,181,37,JU2132,Control,2,62,,,Y
8-Dec-19,1068,32,182,37,JU2132,Control,2,23,,,
8-Dec-19,1074,33,183,37,JU2132,Control,2,118,,,
8-Dec-19,1080,34,184,43,JU2132,Exposed,2,45,,,Y
8-Dec-19,1086,35,185,37,JU2132,Control,2,70,,,
8-Dec-19,1092,36,186,37,JU2132,Control,2,2,,,
8-Dec-19,1098,37,187,43,JU2132,Exposed,2,17,,,Y
8-Dec-19,1104,38,188,37,JU2132,Control,2,26,,,
8-Dec-19,1110,39,189,43,JU2132,Exposed,2,53,,,
8-Dec-19,1116,40,190,37,JU2132,Control,2,53,,,
8-Dec-19,1122,41,191,37,JU2132,Control,2,77,,,
8-Dec-19,1128,42,192,43,JU2132,Exposed,2,71,,,Y
8-Dec-19,1134,43,193,37,JU2132,Control,2,0,,,
8-Dec-19,1140,44,194,37,JU2132,Control,2,11,,,
8-Dec-19,1146,45,195,43,JU2132,Exposed,2,50,,,Y
8-Dec-19,1152,46,196,37,JU2132,Control,2,32,,,
8-Dec-19,1158,47,197,43,JU2132,Exposed,2,65,,,Y
8-Dec-19,1164,48,198,43,JU2132,Exposed,2,57,,,Y
8-Dec-19,1170,49,199,37,JU2132,Control,2,28,,,Y
8-Dec-19,1176,50,200,37,JU2132,Control,2,16,,,Y
9-Dec-19,883,1,151,38,JU2132,Control,3,153,,,
9-Dec-19,889,2,152,38,JU2132,Control,3,224,,,
9-Dec-19,895,3,153,38,JU2132,Control,3,221,,,
9-Dec-19,901,4,154,44,JU2132,Exposed,3,219,,,
9-Dec-19,907,5,155,44,JU2132,Exposed,3,216,,,
9-Dec-19,913,6,156,38,JU2132,Control,3,189,,,
9-Dec-19,919,7,157,44,JU2132,Exposed,3,47,,,Y
9-Dec-19,925,8,158,38,JU2132,Control,3,239,,,
9-Dec-19,931,9,159,44,JU2132,Exposed,3,163,,,Y
9-Dec-19,937,10,160,38,JU2132,Control,3,285,,,
9-Dec-19,943,11,161,44,JU2132,Exposed,3,243,,,
9-Dec-19,949,12,162,44,JU2132,Exposed,3,203,,,Y
9-Dec-19,955,13,163,44,JU2132,Exposed,3,154,,,Y
9-Dec-19,961,14,164,38,JU2132,Control,3,141,,,Y
9-Dec-19,967,15,165,44,JU2132,Exposed,3,233,,,Y
9-Dec-19,973,16,166,38,JU2132,Control,3,222,,,
9-Dec-19,979,17,167,44,JU2132,Exposed,3,189,,,
9-Dec-19,985,18,168,38,JU2132,Control,3,169,,,Y
9-Dec-19,991,19,169,44,JU2132,Exposed,3,215,,,
9-Dec-19,997,20,170,44,JU2132,Exposed,3,133,,,Y
9-Dec-19,1003,21,171,44,JU2132,Exposed,3,254,,,
9-Dec-19,1009,22,172,44,JU2132,Exposed,3,10,,,Y
9-Dec-19,1015,23,173,44,JU2132,Exposed,3,104,,,Y
9-Dec-19,1021,24,174,38,JU2132,Control,3,218,,,Y
9-Dec-19,1027,25,175,44,JU2132,Exposed,3,232,,,Y
9-Dec-19,1033,26,176,38,JU2132,Control,3,204,,,
9-Dec-19,1039,27,177,44,JU2132,Exposed,3,117,Serracia,,Y
9-Dec-19,1045,28,178,38,JU2132,Control,3,218,,,Y
9-Dec-19,1051,29,179,44,JU2132,Exposed,3,225,,,
9-Dec-19,1057,30,180,44,JU2132,Exposed,3,204,,,Y
9-Dec-19,1063,31,181,38,JU2132,Control,3,219,,,Y
9-Dec-19,1069,32,182,38,JU2132,Control,3,208,,,
9-Dec-19,1075,33,183,38,JU2132,Control,3,169,,,
9-Dec-19,1081,34,184,44,JU2132,Exposed,3,102,,,Y
9-Dec-19,1087,35,185,38,JU2132,Control,3,245,,,
9-Dec-19,1093,36,186,38,JU2132,Control,3,206,,,
9-Dec-19,1099,37,187,44,JU2132,Exposed,3,127,,,Y
9-Dec-19,1105,38,188,38,JU2132,Control,3,177,,,
9-Dec-19,1111,39,189,44,JU2132,Exposed,3,196,,,
9-Dec-19,1117,40,190,38,JU2132,Control,3,236,,,
9-Dec-19,1123,41,191,38,JU2132,Control,3,251,,,
9-Dec-19,1129,42,192,44,JU2132,Exposed,3,217,,,Y
9-Dec-19,1135,43,193,38,JU2132,Control,3,118,,,
9-Dec-19,1141,44,194,38,JU2132,Control,3,226,,,
9-Dec-19,1147,45,195,44,JU2132,Exposed,3,185,,,Y
9-Dec-19,1153,46,196,38,JU2132,Control,3,214,,,
9-Dec-19,1159,47,197,44,JU2132,Exposed,3,127,,,Y
9-Dec-19,1165,48,198,44,JU2132,Exposed,3,93,,,Y
9-Dec-19,1171,49,199,38,JU2132,Control,3,156,,,Y
9-Dec-19,1177,50,200,38,JU2132,Control,3,249,,,Y
10-Dec-19,884,1,151,39,JU2132,Control,4,4,,,
10-Dec-19,890,2,152,39,JU2132,Control,4,37,,,
10-Dec-19,896,3,153,39,JU2132,Control,4,5,,,
10-Dec-19,902,4,154,45,JU2132,Exposed,4,10,,,
10-Dec-19,908,5,155,45,JU2132,Exposed,4,56,,,
10-Dec-19,914,6,156,39,JU2132,Control,4,54,,,
10-Dec-19,920,7,157,45,JU2132,Exposed,4,8,,,Y
10-Dec-19,926,8,158,39,JU2132,Control,4,41,,,
10-Dec-19,932,9,159,45,JU2132,Exposed,4,32,,,Y
10-Dec-19,938,10,160,39,JU2132,Control,4,20,,,
10-Dec-19,944,11,161,45,JU2132,Exposed,4,19,,,
10-Dec-19,950,12,162,45,JU2132,Exposed,4,12,,,Y
10-Dec-19,956,13,163,45,JU2132,Exposed,4,41,,,Y
10-Dec-19,962,14,164,39,JU2132,Control,4,27,Died,,Y
10-Dec-19,968,15,165,45,JU2132,Exposed,4,53,,,Y
10-Dec-19,974,16,166,39,JU2132,Control,4,39,,,
10-Dec-19,980,17,167,45,JU2132,Exposed,4,15,,,
10-Dec-19,986,18,168,39,JU2132,Control,4,35,Died,,Y
10-Dec-19,992,19,169,45,JU2132,Exposed,4,13,,,
10-Dec-19,998,20,170,45,JU2132,Exposed,4,79,,,Y
10-Dec-19,1004,21,171,45,JU2132,Exposed,4,60,,,
10-Dec-19,1010,22,172,45,JU2132,Exposed,4,10,"Died, Small",,Y
10-Dec-19,1016,23,173,45,JU2132,Exposed,4,30,,,Y
10-Dec-19,1022,24,174,39,JU2132,Control,4,64,,,Y
10-Dec-19,1028,25,175,45,JU2132,Exposed,4,81,,,Y
10-Dec-19,1034,26,176,39,JU2132,Control,4,5,,,
10-Dec-19,1040,27,177,45,JU2132,Exposed,4,77,,,Y
10-Dec-19,1046,28,178,39,JU2132,Control,4,79,,,Y
10-Dec-19,1052,29,179,45,JU2132,Exposed,4,22,,,
10-Dec-19,1058,30,180,45,JU2132,Exposed,4,40,,,Y
10-Dec-19,1064,31,181,39,JU2132,Control,4,38,,,Y
10-Dec-19,1070,32,182,39,JU2132,Control,4,24,,,
10-Dec-19,1076,33,183,39,JU2132,Control,4,1,,,
10-Dec-19,1082,34,184,45,JU2132,Exposed,4,26,,,Y
10-Dec-19,1088,35,185,39,JU2132,Control,4,39,,,
10-Dec-19,1094,36,186,39,JU2132,Control,4,84,,,
10-Dec-19,1100,37,187,45,JU2132,Exposed,4,42,,,Y
10-Dec-19,1106,38,188,39,JU2132,Control,4,145,,,
10-Dec-19,1112,39,189,45,JU2132,Exposed,4,101,,,
10-Dec-19,1118,40,190,39,JU2132,Control,4,23,,,
10-Dec-19,1124,41,191,39,JU2132,Control,4,24,,,
10-Dec-19,1130,42,192,45,JU2132,Exposed,4,36,,,Y
10-Dec-19,1136,43,193,39,JU2132,Control,4,179,,,
10-Dec-19,1142,44,194,39,JU2132,Control,4,59,,,
10-Dec-19,1148,45,195,45,JU2132,Exposed,4,48,,,Y
10-Dec-19,1154,46,196,39,JU2132,Control,4,82,,,
10-Dec-19,1160,47,197,45,JU2132,Exposed,4,35,,,Y
10-Dec-19,1166,48,198,45,JU2132,Exposed,4,19,,,Y
10-Dec-19,1172,49,199,39,JU2132,Control,4,5,Died,,Y
10-Dec-19,1178,50,200,39,JU2132,Control,4,133,,,Y
11-Dec-19,885,1,151,40,JU2132,Control,5,0,,,
11-Dec-19,891,2,152,40,JU2132,Control,5,0,,,
11-Dec-19,897,3,153,40,JU2132,Control,5,0,,,
11-Dec-19,903,4,154,46,JU2132,Exposed,5,0,,,
11-Dec-19,909,5,155,46,JU2132,Exposed,5,0,,,
11-Dec-19,915,6,156,40,JU2132,Control,5,1,,,
11-Dec-19,921,7,157,46,JU2132,Exposed,5,0,Died,,Y
11-Dec-19,927,8,158,40,JU2132,Control,5,1,,,
11-Dec-19,933,9,159,46,JU2132,Exposed,5,1,,,Y
11-Dec-19,939,10,160,40,JU2132,Control,5,0,,,
11-Dec-19,945,11,161,46,JU2132,Exposed,5,2,,,
11-Dec-19,951,12,162,46,JU2132,Exposed,5,0,,,Y
11-Dec-19,957,13,163,46,JU2132,Exposed,5,4,Died,,Y
11-Dec-19,963,14,164,40,JU2132,Control,5,0,Dead,,Y
11-Dec-19,969,15,165,46,JU2132,Exposed,5,0,,,Y
11-Dec-19,975,16,166,40,JU2132,Control,5,0,,,
11-Dec-19,981,17,167,46,JU2132,Exposed,5,1,,,
11-Dec-19,987,18,168,40,JU2132,Control,5,0,Dead,,Y
11-Dec-19,993,19,169,46,JU2132,Exposed,5,0,,,
11-Dec-19,999,20,170,46,JU2132,Exposed,5,15,,,Y
11-Dec-19,1005,21,171,46,JU2132,Exposed,5,0,,,
11-Dec-19,1011,22,172,46,JU2132,Exposed,5,0,Dead,,Y
11-Dec-19,1017,23,173,46,JU2132,Exposed,5,27,,,Y
11-Dec-19,1023,24,174,40,JU2132,Control,5,2,Died,,Y
11-Dec-19,1029,25,175,46,JU2132,Exposed,5,0,,,Y
11-Dec-19,1035,26,176,40,JU2132,Control,5,0,,,
11-Dec-19,1041,27,177,46,JU2132,Exposed,5,25,,,Y
11-Dec-19,1047,28,178,40,JU2132,Control,5,7,,,Y
11-Dec-19,1053,29,179,46,JU2132,Exposed,5,3,,,
11-Dec-19,1059,30,180,46,JU2132,Exposed,5,0,,,Y
11-Dec-19,1065,31,181,40,JU2132,Control,5,18,Died,,Y
11-Dec-19,1071,32,182,40,JU2132,Control,5,0,,,
11-Dec-19,1077,33,183,40,JU2132,Control,5,0,,,
11-Dec-19,1083,34,184,46,JU2132,Exposed,5,16,Died,,Y
11-Dec-19,1089,35,185,40,JU2132,Control,5,0,,,
11-Dec-19,1095,36,186,40,JU2132,Control,5,2,,,
11-Dec-19,1101,37,187,46,JU2132,Exposed,5,17,,,Y
11-Dec-19,1107,38,188,40,JU2132,Control,5,18,,,
11-Dec-19,1113,39,189,46,JU2132,Exposed,5,0,,,
11-Dec-19,1119,40,190,40,JU2132,Control,5,0,,,
11-Dec-19,1125,41,191,40,JU2132,Control,5,0,,,
11-Dec-19,1131,42,192,46,JU2132,Exposed,5,0,,,Y
11-Dec-19,1137,43,193,40,JU2132,Control,5,1,,,
11-Dec-19,1143,44,194,40,JU2132,Control,5,0,,,
11-Dec-19,1149,45,195,46,JU2132,Exposed,5,13,Died,,Y
11-Dec-19,1155,46,196,40,JU2132,Control,5,0,,,
11-Dec-19,1161,47,197,46,JU2132,Exposed,5,21,,,Y
11-Dec-19,1167,48,198,46,JU2132,Exposed,5,15,Died,,Y
11-Dec-19,1173,49,199,40,JU2132,Control,5,0,Dead,,Y
11-Dec-19,1179,50,200,40,JU2132,Control,5,1,,,Y
12-Dec-19,886,1,151,41,JU2132,Control,6,0,,,
12-Dec-19,892,2,152,41,JU2132,Control,6,0,,,
12-Dec-19,898,3,153,41,JU2132,Control,6,0,,,
12-Dec-19,904,4,154,47,JU2132,Exposed,6,0,,,
12-Dec-19,910,5,155,47,JU2132,Exposed,6,0,,,
12-Dec-19,916,6,156,41,JU2132,Control,6,0,,,
12-Dec-19,922,7,157,47,JU2132,Exposed,6,0,Dead,,Y
12-Dec-19,928,8,158,41,JU2132,Control,6,0,,,
12-Dec-19,934,9,159,47,JU2132,Exposed,6,0,Died,,Y
12-Dec-19,940,10,160,41,JU2132,Control,6,0,,,
12-Dec-19,946,11,161,47,JU2132,Exposed,6,0,,,
12-Dec-19,952,12,162,47,JU2132,Exposed,6,0,Died,,Y
12-Dec-19,958,13,163,47,JU2132,Exposed,6,0,Dead,,Y
12-Dec-19,964,14,164,41,JU2132,Control,6,0,Dead,,Y
12-Dec-19,970,15,165,47,JU2132,Exposed,6,0,,,Y
12-Dec-19,976,16,166,41,JU2132,Control,6,0,,,
12-Dec-19,982,17,167,47,JU2132,Exposed,6,0,,,
12-Dec-19,988,18,168,41,JU2132,Control,6,0,Dead,,Y
12-Dec-19,994,19,169,47,JU2132,Exposed,6,0,,,
12-Dec-19,1000,20,170,47,JU2132,Exposed,6,2,Died,,Y
12-Dec-19,1006,21,171,47,JU2132,Exposed,6,0,,,
12-Dec-19,1012,22,172,47,JU2132,Exposed,6,0,Dead,,Y
12-Dec-19,1018,23,173,47,JU2132,Exposed,6,7,"Died, Small",,Y
12-Dec-19,1024,24,174,41,JU2132,Control,6,0,Dead,,Y
12-Dec-19,1030,25,175,47,JU2132,Exposed,6,0,Died,,Y
12-Dec-19,1036,26,176,41,JU2132,Control,6,0,,,
12-Dec-19,1042,27,177,47,JU2132,Exposed,6,19,Died,,Y
12-Dec-19,1048,28,178,41,JU2132,Control,6,2,Died,,Y
12-Dec-19,1054,29,179,47,JU2132,Exposed,6,1,,,
12-Dec-19,1060,30,180,47,JU2132,Exposed,6,0,,,Y
12-Dec-19,1066,31,181,41,JU2132,Control,6,0,Dead,,Y
12-Dec-19,1072,32,182,41,JU2132,Control,6,0,,,
12-Dec-19,1078,33,183,41,JU2132,Control,6,0,,,
12-Dec-19,1084,34,184,47,JU2132,Exposed,6,0,Dead,,Y
12-Dec-19,1090,35,185,41,JU2132,Control,6,0,,,
12-Dec-19,1096,36,186,41,JU2132,Control,6,0,,,
12-Dec-19,1102,37,187,47,JU2132,Exposed,6,13,Died,,Y
12-Dec-19,1108,38,188,41,JU2132,Control,6,0,,,
12-Dec-19,1114,39,189,47,JU2132,Exposed,6,0,,,
12-Dec-19,1120,40,190,41,JU2132,Control,6,0,,,
12-Dec-19,1126,41,191,41,JU2132,Control,6,0,,,
12-Dec-19,1132,42,192,47,JU2132,Exposed,6,0,,,Y
12-Dec-19,1138,43,193,41,JU2132,Control,6,0,,,
12-Dec-19,1144,44,194,41,JU2132,Control,6,0,,,
12-Dec-19,1150,45,195,47,JU2132,Exposed,6,0,Dead,,Y
12-Dec-19,1156,46,196,41,JU2132,Control,6,0,,,
12-Dec-19,1162,47,197,47,JU2132,Exposed,6,11,Died,,Y
12-Dec-19,1168,48,198,47,JU2132,Exposed,6,0,Dead,,Y
12-Dec-19,1174,49,199,41,JU2132,Control,6,0,Dead,,Y
12-Dec-19,1180,50,200,41,JU2132,Control,6,0,,,Y
13-Dec-19,887,1,151,42,JU2132,Control,7,0,,,
13-Dec-19,893,2,152,42,JU2132,Control,7,0,,,
13-Dec-19,899,3,153,42,JU2132,Control,7,0,,,
13-Dec-19,905,4,154,48,JU2132,Exposed,7,0,,,
13-Dec-19,911,5,155,48,JU2132,Exposed,7,0,,,
13-Dec-19,917,6,156,42,JU2132,Control,7,0,,,
13-Dec-19,923,7,157,48,JU2132,Exposed,7,0,Dead,,Y
13-Dec-19,929,8,158,42,JU2132,Control,7,0,,,
13-Dec-19,935,9,159,48,JU2132,Exposed,7,0,Dead,,Y
13-Dec-19,941,10,160,42,JU2132,Control,7,0,,,
13-Dec-19,947,11,161,48,JU2132,Exposed,7,0,,,
13-Dec-19,953,12,162,48,JU2132,Exposed,7,0,Dead,,Y
13-Dec-19,959,13,163,48,JU2132,Exposed,7,0,Dead,,Y
13-Dec-19,965,14,164,42,JU2132,Control,7,0,Dead,,Y
13-Dec-19,971,15,165,48,JU2132,Exposed,7,0,Died,,Y
13-Dec-19,977,16,166,42,JU2132,Control,7,0,,,
13-Dec-19,983,17,167,48,JU2132,Exposed,7,0,,,
13-Dec-19,989,18,168,42,JU2132,Control,7,0,Dead,,Y
13-Dec-19,995,19,169,48,JU2132,Exposed,7,0,,,
13-Dec-19,1001,20,170,48,JU2132,Exposed,7,0,Dead,,Y
13-Dec-19,1007,21,171,48,JU2132,Exposed,7,0,,,
13-Dec-19,1013,22,172,48,JU2132,Exposed,7,0,Dead,,Y
13-Dec-19,1019,23,173,48,JU2132,Exposed,7,0,Dead,,Y
13-Dec-19,1025,24,174,42,JU2132,Control,7,0,Dead,,Y
13-Dec-19,1031,25,175,48,JU2132,Exposed,7,0,Dead,,Y
13-Dec-19,1037,26,176,42,JU2132,Control,7,0,,,
13-Dec-19,1043,27,177,48,JU2132,Exposed,7,0,Dead,,Y
13-Dec-19,1049,28,178,42,JU2132,Control,7,0,Dead,,Y
13-Dec-19,1055,29,179,48,JU2132,Exposed,7,0,,,
13-Dec-19,1061,30,180,48,JU2132,Exposed,7,0,Died,,Y
13-Dec-19,1067,31,181,42,JU2132,Control,7,0,Dead,,Y
13-Dec-19,1073,32,182,42,JU2132,Control,7,0,,,
13-Dec-19,1079,33,183,42,JU2132,Control,7,0,,,
13-Dec-19,1085,34,184,48,JU2132,Exposed,7,0,Dead,,Y
13-Dec-19,1091,35,185,42,JU2132,Control,7,0,,,
13-Dec-19,1097,36,186,42,JU2132,Control,7,0,,,
13-Dec-19,1103,37,187,48,JU2132,Exposed,7,0,Dead,,Y
13-Dec-19,1109,38,188,42,JU2132,Control,7,0,,,
13-Dec-19,1115,39,189,48,JU2132,Exposed,7,0,,,
13-Dec-19,1121,40,190,42,JU2132,Control,7,0,,,
13-Dec-19,1127,41,191,42,JU2132,Control,7,0,,,
13-Dec-19,1133,42,192,48,JU2132,Exposed,7,0,Died,,Y
13-Dec-19,1139,43,193,42,JU2132,Control,7,0,,,
13-Dec-19,1145,44,194,42,JU2132,Control,7,0,,,
13-Dec-19,1151,45,195,48,JU2132,Exposed,7,0,Dead,,Y
13-Dec-19,1157,46,196,42,JU2132,Control,7,0,,,
13-Dec-19,1163,47,197,48,JU2132,Exposed,7,0,Dead,,Y
13-Dec-19,1169,48,198,48,JU2132,Exposed,7,0,Dead,,Y
13-Dec-19,1175,49,199,42,JU2132,Control,7,0,Dead,,Y
13-Dec-19,1181,50,200,42,JU2132,Control,7,0,Died,,Y
