Date,Replicate,PlateID,RepID,Treatment,ExposureDay,Day,Status,Babies,Male,Censored
9/1/2020,1,1,Control3_1,Control,3,1,E,NA,0,0
9/2/2020,1,1,Control3_1,Control,3,2,Be,1,0,0
9/3/2020,1,1,Control3_1,Control,3,3,B,NA,0,0
9/1/2020,1,2,Exposed0_1,Exposed,0,1,A,NA,0,0
9/2/2020,1,2,Exposed0_1,Exposed,0,2,A,NA,0,0
9/3/2020,1,2,Exposed0_1,Exposed,0,3,D,0,0,0
9/4/2020,1,2,Exposed0_1,Exposed,0,4,D,NA,0,0
9/1/2020,1,3,Exposed0_1,Exposed,0,1,A,NA,0,0
9/2/2020,1,3,Exposed0_1,Exposed,0,2,A,NA,0,0
9/3/2020,1,3,Exposed0_1,Exposed,0,3,A,NA,0,0
9/4/2020,1,3,Exposed0_1,Exposed,0,4,D,0,0,0
9/1/2020,1,4,Control0_1,Control,0,1,E,NA,0,0
9/2/2020,1,4,Control0_1,Control,0,2,Be,1,0,0
9/3/2020,1,4,Control0_1,Control,0,3,B,NA,0,0
9/1/2020,3,5,Exposed3_3,Exposed,3,1,A,NA,0,0
9/2/2020,3,5,Exposed3_3,Exposed,3,2,A,NA,0,0
9/3/2020,3,5,Exposed3_3,Exposed,3,3,A,NA,0,0
9/4/2020,3,5,Exposed3_3,Exposed,3,4,A,NA,0,0
9/5/2020,3,5,Exposed3_3,Exposed,3,5,D,0,0,0
9/1/2020,3,6,Control3_3,Control,3,1,E,NA,0,0
9/2/2020,3,6,Control3_3,Control,3,2,Be,1,0,0
9/3/2020,3,6,Control3_3,Control,3,3,B,NA,0,0
9/1/2020,3,7,Control3_3,Control,3,1,E,NA,0,0
9/2/2020,3,7,Control3_3,Control,3,2,Be,1,0,0
9/3/2020,3,7,Control3_3,Control,3,3,B,NA,0,0
9/1/2020,3,8,Exposed3_3,Exposed,3,1,A,NA,0,0
9/2/2020,3,8,Exposed3_3,Exposed,3,2,A,NA,0,0
9/3/2020,3,8,Exposed3_3,Exposed,3,3,D,0,0,0
9/4/2020,3,8,Exposed3_3,Exposed,3,4,D,NA,0,0
9/1/2020,2,9,Control6_2,Control,6,1,E,NA,0,0
9/2/2020,2,9,Control6_2,Control,6,2,Be,1,0,0
9/3/2020,2,9,Control6_2,Control,6,3,B,NA,0,0
9/1/2020,1,10,Exposed3_1,Exposed,3,1,A,NA,0,0
9/2/2020,1,10,Exposed3_1,Exposed,3,2,A,NA,0,0
9/3/2020,1,10,Exposed3_1,Exposed,3,3,E,NA,0,0
9/4/2020,1,10,Exposed3_1,Exposed,3,4,E,NA,0,0
9/5/2020,1,10,Exposed3_1,Exposed,3,5,A,NA,0,0
9/6/2020,1,10,Exposed3_1,Exposed,3,6,D,0,0,0
9/1/2020,2,11,Exposed3_2,Exposed,3,1,A,NA,0,0
9/2/2020,2,11,Exposed3_2,Exposed,3,2,A,NA,0,0
9/3/2020,2,11,Exposed3_2,Exposed,3,3,A,NA,0,0
9/4/2020,2,11,Exposed3_2,Exposed,3,4,A,NA,0,0
9/5/2020,2,11,Exposed3_2,Exposed,3,5,D,0,0,0
9/1/2020,2,12,Control3_2,Control,3,1,E,NA,0,0
9/2/2020,2,12,Control3_2,Control,3,2,Be,1,0,0
9/3/2020,2,12,Control3_2,Control,3,3,B,NA,0,0
9/1/2020,2,13,Exposed3_2,Exposed,3,1,A,NA,0,0
9/2/2020,2,13,Exposed3_2,Exposed,3,2,A,NA,0,0
9/3/2020,2,13,Exposed3_2,Exposed,3,3,A,NA,0,0
9/4/2020,2,13,Exposed3_2,Exposed,3,4,A,NA,0,0
9/5/2020,2,13,Exposed3_2,Exposed,3,5,A,NA,0,0
9/6/2020,2,13,Exposed3_2,Exposed,3,6,D,0,0,0
9/1/2020,2,14,Exposed0_2,Exposed,0,1,A,NA,0,0
9/2/2020,2,14,Exposed0_2,Exposed,0,2,A,NA,0,0
9/3/2020,2,14,Exposed0_2,Exposed,0,3,A,NA,0,0
9/4/2020,2,14,Exposed0_2,Exposed,0,4,A,NA,0,0
9/5/2020,2,14,Exposed0_2,Exposed,0,5,D,0,0,0
9/1/2020,2,15,Exposed3_2,Exposed,3,1,A,NA,0,0
9/2/2020,2,15,Exposed3_2,Exposed,3,2,A,NA,0,0
9/3/2020,2,15,Exposed3_2,Exposed,3,3,A,NA,0,0
9/4/2020,2,15,Exposed3_2,Exposed,3,4,A,NA,0,0
9/5/2020,2,15,Exposed3_2,Exposed,3,5,D,0,0,0
9/1/2020,2,16,Exposed6_2,Exposed,6,1,E,NA,0,0
9/2/2020,2,16,Exposed6_2,Exposed,6,2,Be,1,0,0
9/3/2020,2,16,Exposed6_2,Exposed,6,3,B,NA,0,0
9/1/2020,3,17,Exposed6_3,Exposed,6,1,A,NA,0,0
9/2/2020,3,17,Exposed6_3,Exposed,6,2,A,NA,0,0
9/3/2020,3,17,Exposed6_3,Exposed,6,3,D,0,0,0
9/4/2020,3,17,Exposed6_3,Exposed,6,4,D,NA,0,0
9/1/2020,2,18,Control0_2,Control,0,1,E,NA,0,0
9/2/2020,2,18,Control0_2,Control,0,2,Be,1,0,0
9/3/2020,2,18,Control0_2,Control,0,3,B,NA,0,0
9/1/2020,3,19,Control0_3,Control,0,1,E,NA,0,0
9/2/2020,3,19,Control0_3,Control,0,2,Be,1,0,0
9/3/2020,3,19,Control0_3,Control,0,3,B,NA,0,0
9/1/2020,2,20,Control6_2,Control,6,1,E,NA,0,0
9/2/2020,2,20,Control6_2,Control,6,2,Be,1,0,0
9/3/2020,2,20,Control6_2,Control,6,3,B,NA,0,0
9/1/2020,1,21,Control0_1,Control,0,1,E,NA,0,0
9/2/2020,1,21,Control0_1,Control,0,2,Be,1,0,0
9/3/2020,1,21,Control0_1,Control,0,3,B,NA,0,0
9/1/2020,3,22,Exposed6_3,Exposed,6,1,E,NA,0,0
9/2/2020,3,22,Exposed6_3,Exposed,6,2,Be,1,0,0
9/3/2020,3,22,Exposed6_3,Exposed,6,3,B,NA,0,0
9/4/2020,3,22,Exposed6_3,Exposed,6,4,B,NA,0,0
9/1/2020,1,23,Control0_1,Control,0,1,E,NA,0,0
9/2/2020,1,23,Control0_1,Control,0,2,Be,1,0,0
9/3/2020,1,23,Control0_1,Control,0,3,B,NA,0,0
9/1/2020,3,24,Control3_3,Control,3,1,E,NA,0,0
9/2/2020,3,24,Control3_3,Control,3,2,Be,1,0,0
9/3/2020,3,24,Control3_3,Control,3,3,B,NA,0,0
9/1/2020,1,25,Control3_1,Control,3,1,E,NA,0,0
9/2/2020,1,25,Control3_1,Control,3,2,Be,1,0,0
9/3/2020,1,25,Control3_1,Control,3,3,B,NA,0,0
9/1/2020,2,26,Control6_2,Control,6,1,E,NA,0,0
9/2/2020,2,26,Control6_2,Control,6,2,Be,1,0,0
9/3/2020,2,26,Control6_2,Control,6,3,B,NA,0,0
9/1/2020,2,27,Control6_2,Control,6,1,E,NA,0,0
9/2/2020,2,27,Control6_2,Control,6,2,Be,1,0,0
9/3/2020,2,27,Control6_2,Control,6,3,B,NA,0,0
9/1/2020,3,28,Control0_3,Control,0,1,E,NA,0,0
9/2/2020,3,28,Control0_3,Control,0,2,Be,1,0,0
9/3/2020,3,28,Control0_3,Control,0,3,B,NA,0,0
9/1/2020,2,29,Control3_2,Control,3,1,E,NA,0,0
9/2/2020,2,29,Control3_2,Control,3,2,Be,1,0,0
9/3/2020,2,29,Control3_2,Control,3,3,B,NA,0,0
9/1/2020,2,30,Exposed6_2,Exposed,6,1,E,NA,0,0
9/2/2020,2,30,Exposed6_2,Exposed,6,2,Be,1,0,0
9/3/2020,2,30,Exposed6_2,Exposed,6,3,B,NA,0,0
9/1/2020,1,31,Exposed6_1,Exposed,6,1,A,NA,0,0
9/2/2020,1,31,Exposed6_1,Exposed,6,2,O,NA,0,0
9/3/2020,1,31,Exposed6_1,Exposed,6,3,A,NA,0,0
9/4/2020,1,31,Exposed6_1,Exposed,6,4,D,0,0,0
9/1/2020,3,32,Exposed3_3,Exposed,3,1,E,NA,0,0
9/2/2020,3,32,Exposed3_3,Exposed,3,2,Be,1,0,0
9/3/2020,3,32,Exposed3_3,Exposed,3,3,D,NA,0,0
9/1/2020,1,33,Exposed3_1,Exposed,3,1,A,NA,0,0
9/2/2020,1,33,Exposed3_1,Exposed,3,2,A,NA,0,0
9/3/2020,1,33,Exposed3_1,Exposed,3,3,A,NA,0,0
9/4/2020,1,33,Exposed3_1,Exposed,3,4,A,NA,0,0
9/5/2020,1,33,Exposed3_1,Exposed,3,5,D,0,0,0
9/1/2020,2,34,Control3_2,Control,3,1,E,NA,0,0
9/2/2020,2,34,Control3_2,Control,3,2,Be,1,0,0
9/3/2020,2,34,Control3_2,Control,3,3,B,NA,0,0
9/1/2020,1,35,Control3_1,Control,3,1,E,NA,0,0
9/2/2020,1,35,Control3_1,Control,3,2,Be,1,0,0
9/3/2020,1,35,Control3_1,Control,3,3,B,NA,0,0
9/1/2020,1,36,Control0_1,Control,0,1,E,NA,0,0
9/2/2020,1,36,Control0_1,Control,0,2,Be,1,0,0
9/3/2020,1,36,Control0_1,Control,0,3,B,NA,0,0
9/1/2020,2,37,Exposed0_2,Exposed,0,1,A,NA,0,0
9/2/2020,2,37,Exposed0_2,Exposed,0,2,A,NA,0,0
9/3/2020,2,37,Exposed0_2,Exposed,0,3,D,0,0,0
9/4/2020,2,37,Exposed0_2,Exposed,0,4,A,NA,0,0
9/5/2020,2,37,Exposed0_2,Exposed,0,5,D,NA,0,0
9/1/2020,2,38,Control3_2,Control,3,1,E,NA,0,0
9/2/2020,2,38,Control3_2,Control,3,2,Be,1,0,0
9/3/2020,2,38,Control3_2,Control,3,3,B,NA,0,0
9/1/2020,1,39,Control6_1,Control,6,1,E,NA,0,0
9/2/2020,1,39,Control6_1,Control,6,2,Be,1,0,0
9/3/2020,1,39,Control6_1,Control,6,3,B,NA,0,0
9/1/2020,2,40,Control3_2,Control,3,1,E,NA,0,0
9/2/2020,2,40,Control3_2,Control,3,2,Be,1,0,0
9/3/2020,2,40,Control3_2,Control,3,3,B,NA,0,0
9/1/2020,2,41,Control6_2,Control,6,1,E,NA,0,0
9/2/2020,2,41,Control6_2,Control,6,2,Be,1,0,0
9/3/2020,2,41,Control6_2,Control,6,3,B,NA,0,0
9/1/2020,2,42,Control6_2,Control,6,1,E,NA,0,0
9/2/2020,2,42,Control6_2,Control,6,2,Be,1,0,0
9/3/2020,2,42,Control6_2,Control,6,3,B,NA,0,0
9/1/2020,2,43,Exposed0_2,Exposed,0,1,A,NA,0,0
9/2/2020,2,43,Exposed0_2,Exposed,0,2,D,0,0,0
9/1/2020,1,44,Control0_1,Control,0,1,E,NA,0,0
9/2/2020,1,44,Control0_1,Control,0,2,Be,1,0,0
9/3/2020,1,44,Control0_1,Control,0,3,B,NA,0,0
9/1/2020,3,45,Exposed6_3,Exposed,6,1,A,NA,0,0
9/2/2020,3,45,Exposed6_3,Exposed,6,2,A,NA,0,0
9/3/2020,3,45,Exposed6_3,Exposed,6,3,A,NA,0,0
9/4/2020,3,45,Exposed6_3,Exposed,6,4,A,NA,0,0
9/5/2020,3,45,Exposed6_3,Exposed,6,5,D,0,0,0
9/1/2020,1,46,Control0_1,Control,0,1,E,NA,0,0
9/2/2020,1,46,Control0_1,Control,0,2,Be,1,0,0
9/3/2020,1,46,Control0_1,Control,0,3,B,NA,0,0
9/1/2020,3,47,Exposed3_3,Exposed,3,1,E,NA,0,0
9/2/2020,3,47,Exposed3_3,Exposed,3,2,Be,1,0,0
9/3/2020,3,47,Exposed3_3,Exposed,3,3,B,NA,0,0
9/1/2020,3,48,Exposed6_3,Exposed,6,1,E,NA,0,0
9/2/2020,3,48,Exposed6_3,Exposed,6,2,E,NA,0,0
9/3/2020,3,48,Exposed6_3,Exposed,6,3,Be,1,0,0
9/4/2020,3,48,Exposed6_3,Exposed,6,4,B,NA,0,0
9/5/2020,3,48,Exposed6_3,Exposed,6,5,B,NA,0,0
9/1/2020,3,49,Exposed6_3,Exposed,6,1,A,NA,0,0
9/2/2020,3,49,Exposed6_3,Exposed,6,2,A,NA,0,0
9/3/2020,3,49,Exposed6_3,Exposed,6,3,A,NA,0,0
9/4/2020,3,49,Exposed6_3,Exposed,6,4,D,0,0,0
9/1/2020,2,50,Exposed0_2,Exposed,0,1,A,NA,0,0
9/2/2020,2,50,Exposed0_2,Exposed,0,2,A,NA,0,0
9/3/2020,2,50,Exposed0_2,Exposed,0,3,A,NA,0,0
9/4/2020,2,50,Exposed0_2,Exposed,0,4,D,0,0,0
9/1/2020,3,51,Exposed0_3,Exposed,0,1,A,NA,0,0
9/2/2020,3,51,Exposed0_3,Exposed,0,2,A,NA,0,0
9/3/2020,3,51,Exposed0_3,Exposed,0,3,A,NA,0,0
9/4/2020,3,51,Exposed0_3,Exposed,0,4,A,NA,0,0
9/5/2020,3,51,Exposed0_3,Exposed,0,5,D,0,0,0
9/1/2020,3,52,Control3_3,Control,3,1,E,NA,0,0
9/2/2020,3,52,Control3_3,Control,3,2,Be,1,0,0
9/3/2020,3,52,Control3_3,Control,3,3,B,NA,0,0
9/1/2020,2,53,Exposed3_2,Exposed,3,1,A,NA,0,0
9/2/2020,2,53,Exposed3_2,Exposed,3,2,D,0,0,0
9/1/2020,1,54,Control6_1,Control,6,1,E,NA,0,0
9/2/2020,1,54,Control6_1,Control,6,2,Be,1,0,0
9/3/2020,1,54,Control6_1,Control,6,3,B,NA,0,0
9/1/2020,2,55,Control0_2,Control,0,1,E,NA,0,0
9/2/2020,2,55,Control0_2,Control,0,2,Be,1,0,0
9/3/2020,2,55,Control0_2,Control,0,3,B,NA,0,0
9/1/2020,3,56,Control3_3,Control,3,1,E,NA,0,0
9/2/2020,3,56,Control3_3,Control,3,2,Be,1,0,0
9/3/2020,3,56,Control3_3,Control,3,3,B,NA,0,0
9/1/2020,1,57,Control3_1,Control,3,1,E,NA,0,0
9/2/2020,1,57,Control3_1,Control,3,2,Be,1,0,0
9/3/2020,1,57,Control3_1,Control,3,3,B,NA,0,0
9/1/2020,2,58,Exposed6_2,Exposed,6,1,A,NA,0,0
9/2/2020,2,58,Exposed6_2,Exposed,6,2,A,NA,0,0
9/3/2020,2,58,Exposed6_2,Exposed,6,3,D,0,0,0
9/4/2020,2,58,Exposed6_2,Exposed,6,4,D,NA,0,0
9/1/2020,2,59,Control0_2,Control,0,1,E,NA,0,0
9/2/2020,2,59,Control0_2,Control,0,2,Be,1,0,0
9/3/2020,2,59,Control0_2,Control,0,3,B,NA,0,0
9/1/2020,3,60,Exposed3_3,Exposed,3,1,A,NA,0,0
9/2/2020,3,60,Exposed3_3,Exposed,3,2,A,NA,0,0
9/3/2020,3,60,Exposed3_3,Exposed,3,3,A,NA,0,0
9/4/2020,3,60,Exposed3_3,Exposed,3,4,D,0,0,0
9/1/2020,1,61,Exposed0_1,Exposed,0,1,A,NA,0,0
9/2/2020,1,61,Exposed0_1,Exposed,0,2,A,NA,0,0
9/3/2020,1,61,Exposed0_1,Exposed,0,3,A,NA,0,0
9/4/2020,1,61,Exposed0_1,Exposed,0,4,A,NA,0,0
9/5/2020,1,61,Exposed0_1,Exposed,0,5,D,0,0,0
9/1/2020,3,62,Exposed6_3,Exposed,6,1,A,NA,0,0
9/2/2020,3,62,Exposed6_3,Exposed,6,2,A,NA,0,0
9/3/2020,3,62,Exposed6_3,Exposed,6,3,A,NA,0,0
9/4/2020,3,62,Exposed6_3,Exposed,6,4,D,0,0,0
9/1/2020,3,63,Control0_3,Control,0,1,E,NA,0,0
9/2/2020,3,63,Control0_3,Control,0,2,Be,1,0,0
9/3/2020,3,63,Control0_3,Control,0,3,B,NA,0,0
9/1/2020,3,64,Control6_3,Control,6,1,E,NA,0,0
9/2/2020,3,64,Control6_3,Control,6,2,Be,1,0,0
9/3/2020,3,64,Control6_3,Control,6,3,B,NA,0,0
9/1/2020,3,65,Control3_3,Control,3,1,E,NA,0,0
9/2/2020,3,65,Control3_3,Control,3,2,Be,1,0,0
9/3/2020,3,65,Control3_3,Control,3,3,B,NA,0,0
9/1/2020,2,66,Control3_2,Control,3,1,E,NA,0,0
9/2/2020,2,66,Control3_2,Control,3,2,Be,1,0,0
9/3/2020,2,66,Control3_2,Control,3,3,B,NA,0,0
9/1/2020,3,67,Control3_3,Control,3,1,E,NA,0,0
9/2/2020,3,67,Control3_3,Control,3,2,Be,1,0,0
9/3/2020,3,67,Control3_3,Control,3,3,B,NA,0,0
9/1/2020,3,68,Exposed6_3,Exposed,6,1,A,NA,0,0
9/2/2020,3,68,Exposed6_3,Exposed,6,2,A,NA,0,0
9/3/2020,3,68,Exposed6_3,Exposed,6,3,A,NA,0,0
9/4/2020,3,68,Exposed6_3,Exposed,6,4,A,NA,0,0
9/5/2020,3,68,Exposed6_3,Exposed,6,5,D,0,0,0
9/1/2020,3,69,Exposed3_3,Exposed,3,1,A,NA,0,0
9/2/2020,3,69,Exposed3_3,Exposed,3,2,A,NA,0,0
9/3/2020,3,69,Exposed3_3,Exposed,3,3,A,NA,0,0
9/4/2020,3,69,Exposed3_3,Exposed,3,4,D,0,0,0
9/1/2020,3,70,Exposed0_3,Exposed,0,1,A,NA,0,0
9/2/2020,3,70,Exposed0_3,Exposed,0,2,A,NA,0,0
9/3/2020,3,70,Exposed0_3,Exposed,0,3,A,NA,0,0
9/4/2020,3,70,Exposed0_3,Exposed,0,4,D,0,0,0
9/1/2020,3,71,Control3_3,Control,3,1,E,NA,0,0
9/2/2020,3,71,Control3_3,Control,3,2,Be,1,0,0
9/3/2020,3,71,Control3_3,Control,3,3,B,NA,0,0
9/1/2020,1,72,Control0_1,Control,0,1,E,NA,0,0
9/2/2020,1,72,Control0_1,Control,0,2,Be,1,0,0
9/3/2020,1,72,Control0_1,Control,0,3,B,NA,0,0
9/1/2020,2,73,Exposed0_2,Exposed,0,1,A,NA,0,0
9/2/2020,2,73,Exposed0_2,Exposed,0,2,D,0,0,0
9/1/2020,3,74,Control3_3,Control,3,1,E,NA,0,0
9/2/2020,3,74,Control3_3,Control,3,2,Be,1,0,0
9/3/2020,3,74,Control3_3,Control,3,3,B,NA,0,0
9/1/2020,2,75,Control3_2,Control,3,1,E,NA,0,0
9/2/2020,2,75,Control3_2,Control,3,2,Be,1,0,0
9/3/2020,2,75,Control3_2,Control,3,3,B,NA,0,0
9/1/2020,1,76,Exposed3_1,Exposed,3,1,A,NA,0,0
9/2/2020,1,76,Exposed3_1,Exposed,3,2,E,NA,0,0
9/3/2020,1,76,Exposed3_1,Exposed,3,3,E,NA,0,0
9/4/2020,1,76,Exposed3_1,Exposed,3,4,D,0,0,0
9/1/2020,1,77,Control6_1,Control,6,1,E,NA,0,0
9/2/2020,1,77,Control6_1,Control,6,2,Be,1,0,0
9/3/2020,1,77,Control6_1,Control,6,3,B,NA,0,0
9/1/2020,2,78,Control3_2,Control,3,1,E,NA,0,0
9/2/2020,2,78,Control3_2,Control,3,2,Be,1,0,0
9/3/2020,2,78,Control3_2,Control,3,3,B,NA,0,0
9/1/2020,1,79,Control6_1,Control,6,1,E,NA,0,0
9/2/2020,1,79,Control6_1,Control,6,2,Be,1,0,0
9/3/2020,1,79,Control6_1,Control,6,3,B,NA,0,0
9/1/2020,1,80,Exposed6_1,Exposed,6,1,A,NA,0,0
9/2/2020,1,80,Exposed6_1,Exposed,6,2,A,NA,0,0
9/3/2020,1,80,Exposed6_1,Exposed,6,3,A,NA,0,0
9/4/2020,1,80,Exposed6_1,Exposed,6,4,A,NA,0,0
9/5/2020,1,80,Exposed6_1,Exposed,6,5,A,NA,0,0
9/6/2020,1,80,Exposed6_1,Exposed,6,6,D,0,0,0
9/1/2020,1,81,Exposed3_1,Exposed,3,1,A,NA,0,0
9/2/2020,1,81,Exposed3_1,Exposed,3,2,D,0,0,0
9/1/2020,3,82,Exposed0_3,Exposed,0,1,A,NA,0,0
9/2/2020,3,82,Exposed0_3,Exposed,0,2,A,NA,0,0
9/3/2020,3,82,Exposed0_3,Exposed,0,3,A,NA,0,0
9/4/2020,3,82,Exposed0_3,Exposed,0,4,A,NA,0,0
9/5/2020,3,82,Exposed0_3,Exposed,0,5,D,0,0,0
9/1/2020,3,83,Exposed0_3,Exposed,0,1,A,NA,0,0
9/2/2020,3,83,Exposed0_3,Exposed,0,2,A,NA,0,0
9/3/2020,3,83,Exposed0_3,Exposed,0,3,A,NA,0,0
9/4/2020,3,83,Exposed0_3,Exposed,0,4,A,NA,0,0
9/5/2020,3,83,Exposed0_3,Exposed,0,5,A,NA,0,0
9/6/2020,3,83,Exposed0_3,Exposed,0,6,D,0,0,0
9/1/2020,3,84,Control3_3,Control,3,1,E,NA,0,0
9/2/2020,3,84,Control3_3,Control,3,2,Be,1,0,0
9/3/2020,3,84,Control3_3,Control,3,3,B,NA,0,0
9/1/2020,1,85,Exposed0_1,Exposed,0,1,A,NA,0,0
9/2/2020,1,85,Exposed0_1,Exposed,0,2,A,NA,0,0
9/3/2020,1,85,Exposed0_1,Exposed,0,3,A,NA,0,0
9/4/2020,1,85,Exposed0_1,Exposed,0,4,A,NA,0,0
9/5/2020,1,85,Exposed0_1,Exposed,0,5,D,0,0,0
9/1/2020,1,86,Exposed3_1,Exposed,3,1,A,NA,0,0
9/2/2020,1,86,Exposed3_1,Exposed,3,2,A,NA,0,0
9/3/2020,1,86,Exposed3_1,Exposed,3,3,A,NA,0,0
9/4/2020,1,86,Exposed3_1,Exposed,3,4,A,NA,0,0
9/5/2020,1,86,Exposed3_1,Exposed,3,5,D,0,0,0
9/1/2020,3,87,Exposed0_3,Exposed,0,1,A,NA,0,0
9/2/2020,3,87,Exposed0_3,Exposed,0,2,A,NA,0,0
9/3/2020,3,87,Exposed0_3,Exposed,0,3,A,NA,0,0
9/4/2020,3,87,Exposed0_3,Exposed,0,4,D,0,0,0
9/1/2020,3,88,Exposed3_3,Exposed,3,1,A,NA,0,0
9/2/2020,3,88,Exposed3_3,Exposed,3,2,A,NA,0,0
9/3/2020,3,88,Exposed3_3,Exposed,3,3,A,NA,0,0
9/4/2020,3,88,Exposed3_3,Exposed,3,4,E,NA,0,0
9/5/2020,3,88,Exposed3_3,Exposed,3,5,A,NA,0,0
9/6/2020,3,88,Exposed3_3,Exposed,3,6,A,NA,0,0
9/7/2020,3,88,Exposed3_3,Exposed,3,7,D,0,0,0
9/1/2020,1,89,Control6_1,Control,6,1,E,NA,0,0
9/2/2020,1,89,Control6_1,Control,6,2,Be,1,0,0
9/3/2020,1,89,Control6_1,Control,6,3,B,NA,0,0
9/1/2020,2,90,Control0_2,Control,0,1,E,NA,0,0
9/2/2020,2,90,Control0_2,Control,0,2,Be,1,0,0
9/3/2020,2,90,Control0_2,Control,0,3,B,NA,0,0
9/1/2020,2,91,Exposed3_2,Exposed,3,1,A,NA,0,0
9/2/2020,2,91,Exposed3_2,Exposed,3,2,A,NA,0,0
9/3/2020,2,91,Exposed3_2,Exposed,3,3,D,0,0,0
9/4/2020,2,91,Exposed3_2,Exposed,3,4,D,NA,0,0
9/1/2020,1,92,Control3_1,Control,3,1,E,NA,0,0
9/2/2020,1,92,Control3_1,Control,3,2,Be,1,0,0
9/3/2020,1,92,Control3_1,Control,3,3,B,NA,0,0
9/1/2020,2,93,Exposed0_2,Exposed,0,1,E,NA,0,0
9/2/2020,2,93,Exposed0_2,Exposed,0,2,E,NA,0,0
9/3/2020,2,93,Exposed0_2,Exposed,0,3,E,NA,0,0
9/4/2020,2,93,Exposed0_2,Exposed,0,4,E,NA,0,0
9/5/2020,2,93,Exposed0_2,Exposed,0,5,D,0,0,0
9/1/2020,2,94,Exposed6_2,Exposed,6,1,A,NA,0,0
9/2/2020,2,94,Exposed6_2,Exposed,6,2,A,NA,0,0
9/3/2020,2,94,Exposed6_2,Exposed,6,3,A,NA,0,0
9/4/2020,2,94,Exposed6_2,Exposed,6,4,D,0,0,0
9/1/2020,2,95,Exposed6_2,Exposed,6,1,E,NA,0,0
9/2/2020,2,95,Exposed6_2,Exposed,6,2,Be,1,0,0
9/3/2020,2,95,Exposed6_2,Exposed,6,3,B,NA,0,0
9/1/2020,2,96,Exposed6_2,Exposed,6,1,E,NA,0,0
9/2/2020,2,96,Exposed6_2,Exposed,6,2,Be,1,0,0
9/3/2020,2,96,Exposed6_2,Exposed,6,3,B,NA,0,0
9/1/2020,1,97,Control0_1,Control,0,1,E,NA,0,0
9/2/2020,1,97,Control0_1,Control,0,2,Be,1,0,0
9/3/2020,1,97,Control0_1,Control,0,3,B,NA,0,0
9/1/2020,3,98,Exposed0_3,Exposed,0,1,A,NA,0,0
9/2/2020,3,98,Exposed0_3,Exposed,0,2,A,NA,0,0
9/3/2020,3,98,Exposed0_3,Exposed,0,3,E,NA,0,0
9/4/2020,3,98,Exposed0_3,Exposed,0,4,D,0,0,0
9/1/2020,3,99,Control3_3,Control,3,1,E,NA,0,0
9/2/2020,3,99,Control3_3,Control,3,2,Be,1,0,0
9/3/2020,3,99,Control3_3,Control,3,3,B,NA,0,0
9/1/2020,1,100,Control0_1,Control,0,1,E,NA,0,0
9/2/2020,1,100,Control0_1,Control,0,2,Be,1,0,0
9/3/2020,1,100,Control0_1,Control,0,3,B,NA,0,0
9/1/2020,2,101,Exposed3_2,Exposed,3,1,A,NA,0,0
9/2/2020,2,101,Exposed3_2,Exposed,3,2,A,NA,0,0
9/3/2020,2,101,Exposed3_2,Exposed,3,3,D,0,0,0
9/4/2020,2,101,Exposed3_2,Exposed,3,4,D,NA,0,0
9/1/2020,3,102,Control6_3,Control,6,1,E,NA,0,0
9/2/2020,3,102,Control6_3,Control,6,2,Be,1,0,0
9/3/2020,3,102,Control6_3,Control,6,3,B,NA,0,0
9/1/2020,2,103,Exposed6_2,Exposed,6,1,E,NA,0,0
9/2/2020,2,103,Exposed6_2,Exposed,6,2,Be,1,0,0
9/3/2020,2,103,Exposed6_2,Exposed,6,3,B,NA,0,0
9/1/2020,1,104,Control0_1,Control,0,1,E,NA,0,0
9/2/2020,1,104,Control0_1,Control,0,2,Be,1,0,0
9/3/2020,1,104,Control0_1,Control,0,3,B,NA,0,0
9/1/2020,1,105,Control0_1,Control,0,1,E,NA,0,0
9/2/2020,1,105,Control0_1,Control,0,2,Be,1,0,0
9/3/2020,1,105,Control0_1,Control,0,3,B,NA,0,0
9/1/2020,1,106,Exposed3_1,Exposed,3,1,E,NA,0,0
9/2/2020,1,106,Exposed3_1,Exposed,3,2,E,NA,0,0
9/3/2020,1,106,Exposed3_1,Exposed,3,3,E,NA,0,0
9/4/2020,1,106,Exposed3_1,Exposed,3,4,B,1,0,0
9/5/2020,1,106,Exposed3_1,Exposed,3,5,B,NA,0,0
9/6/2020,1,106,Exposed3_1,Exposed,3,6,B,NA,0,0
9/1/2020,1,107,Exposed6_1,Exposed,6,1,A,NA,0,0
9/2/2020,1,107,Exposed6_1,Exposed,6,2,A,NA,0,0
9/3/2020,1,107,Exposed6_1,Exposed,6,3,A,NA,0,0
9/4/2020,1,107,Exposed6_1,Exposed,6,4,A,NA,0,0
9/5/2020,1,107,Exposed6_1,Exposed,6,5,D,0,0,0
9/1/2020,3,108,Control3_3,Control,3,1,E,NA,0,0
9/2/2020,3,108,Control3_3,Control,3,2,Be,1,0,0
9/3/2020,3,108,Control3_3,Control,3,3,B,NA,0,0
9/1/2020,2,109,Control0_2,Control,0,1,E,NA,0,0
9/2/2020,2,109,Control0_2,Control,0,2,Be,1,0,0
9/3/2020,2,109,Control0_2,Control,0,3,B,NA,0,0
9/1/2020,1,110,Exposed3_1,Exposed,3,1,A,NA,0,0
9/2/2020,1,110,Exposed3_1,Exposed,3,2,A,NA,0,0
9/3/2020,1,110,Exposed3_1,Exposed,3,3,A,NA,0,0
9/4/2020,1,110,Exposed3_1,Exposed,3,4,A,NA,0,0
9/5/2020,1,110,Exposed3_1,Exposed,3,5,D,0,0,0
9/1/2020,2,111,Exposed3_2,Exposed,3,1,A,NA,0,0
9/2/2020,2,111,Exposed3_2,Exposed,3,2,A,NA,0,0
9/3/2020,2,111,Exposed3_2,Exposed,3,3,A,NA,0,0
9/4/2020,2,111,Exposed3_2,Exposed,3,4,A,NA,0,0
9/5/2020,2,111,Exposed3_2,Exposed,3,5,D,0,0,0
9/1/2020,1,112,Control6_1,Control,6,1,E,NA,0,0
9/2/2020,1,112,Control6_1,Control,6,2,Be,1,0,0
9/3/2020,1,112,Control6_1,Control,6,3,B,NA,0,0
9/1/2020,3,113,Control0_3,Control,0,1,E,NA,0,0
9/2/2020,3,113,Control0_3,Control,0,2,Be,1,0,0
9/3/2020,3,113,Control0_3,Control,0,3,B,NA,0,0
9/1/2020,3,114,Exposed0_3,Exposed,0,1,A,NA,0,0
9/2/2020,3,114,Exposed0_3,Exposed,0,2,A,NA,0,0
9/3/2020,3,114,Exposed0_3,Exposed,0,3,A,NA,0,0
9/4/2020,3,114,Exposed0_3,Exposed,0,4,A,NA,0,0
9/5/2020,3,114,Exposed0_3,Exposed,0,5,A,NA,0,0
9/6/2020,3,114,Exposed0_3,Exposed,0,6,A,NA,0,0
9/7/2020,3,114,Exposed0_3,Exposed,0,7,A,NA,0,0
9/8/2020,3,114,Exposed0_3,Exposed,0,8,E,NA,0,0
9/9/2020,3,114,Exposed0_3,Exposed,0,9,D,0,0,0
9/1/2020,3,115,Control6_3,Control,6,1,E,NA,0,0
9/2/2020,3,115,Control6_3,Control,6,2,Be,1,0,0
9/3/2020,3,115,Control6_3,Control,6,3,B,NA,0,0
9/1/2020,1,116,Exposed6_1,Exposed,6,1,E,NA,0,0
9/2/2020,1,116,Exposed6_1,Exposed,6,2,Be,1,0,0
9/3/2020,1,116,Exposed6_1,Exposed,6,3,B,NA,0,0
9/1/2020,3,117,Control0_3,Control,0,1,E,NA,0,0
9/2/2020,3,117,Control0_3,Control,0,2,Be,1,0,0
9/3/2020,3,117,Control0_3,Control,0,3,B,NA,0,0
9/1/2020,3,118,Control0_3,Control,0,1,E,NA,0,0
9/2/2020,3,118,Control0_3,Control,0,2,Be,1,0,0
9/3/2020,3,118,Control0_3,Control,0,3,B,NA,0,0
9/1/2020,2,119,Control6_2,Control,6,1,E,NA,0,0
9/2/2020,2,119,Control6_2,Control,6,2,Be,1,0,0
9/3/2020,2,119,Control6_2,Control,6,3,B,NA,0,0
9/1/2020,2,120,Control3_2,Control,3,1,E,NA,0,0
9/2/2020,2,120,Control3_2,Control,3,2,Be,1,0,0
9/3/2020,2,120,Control3_2,Control,3,3,B,NA,0,0
9/1/2020,3,121,Exposed3_3,Exposed,3,1,A,NA,0,0
9/2/2020,3,121,Exposed3_3,Exposed,3,2,A,NA,0,0
9/3/2020,3,121,Exposed3_3,Exposed,3,3,A,NA,0,0
9/4/2020,3,121,Exposed3_3,Exposed,3,4,D,0,0,0
9/1/2020,3,122,Exposed0_3,Exposed,0,1,A,NA,0,0
9/2/2020,3,122,Exposed0_3,Exposed,0,2,A,NA,0,0
9/3/2020,3,122,Exposed0_3,Exposed,0,3,A,NA,0,0
9/4/2020,3,122,Exposed0_3,Exposed,0,4,A,NA,0,0
9/5/2020,3,122,Exposed0_3,Exposed,0,5,D,0,0,0
9/1/2020,1,123,Exposed6_1,Exposed,6,1,A,NA,0,0
9/2/2020,1,123,Exposed6_1,Exposed,6,2,A,NA,0,0
9/3/2020,1,123,Exposed6_1,Exposed,6,3,A,NA,0,0
9/4/2020,1,123,Exposed6_1,Exposed,6,4,A,NA,0,0
9/5/2020,1,123,Exposed6_1,Exposed,6,5,D,0,0,0
9/1/2020,2,124,Control0_2,Control,0,1,E,NA,0,0
9/2/2020,2,124,Control0_2,Control,0,2,Be,1,0,0
9/3/2020,2,124,Control0_2,Control,0,3,B,NA,0,0
9/1/2020,3,125,Exposed0_3,Exposed,0,1,E,NA,0,0
9/2/2020,3,125,Exposed0_3,Exposed,0,2,Be,1,0,0
9/3/2020,3,125,Exposed0_3,Exposed,0,3,B,NA,0,0
9/1/2020,1,126,Exposed0_1,Exposed,0,1,A,NA,0,0
9/2/2020,1,126,Exposed0_1,Exposed,0,2,A,NA,0,0
9/3/2020,1,126,Exposed0_1,Exposed,0,3,A,NA,0,0
9/4/2020,1,126,Exposed0_1,Exposed,0,4,D,0,0,0
9/1/2020,1,127,Exposed3_1,Exposed,3,1,A,NA,0,0
9/2/2020,1,127,Exposed3_1,Exposed,3,2,A,NA,0,0
9/3/2020,1,127,Exposed3_1,Exposed,3,3,A,NA,0,0
9/4/2020,1,127,Exposed3_1,Exposed,3,4,A,NA,0,0
9/5/2020,1,127,Exposed3_1,Exposed,3,5,D,0,0,0
9/1/2020,1,128,Control6_1,Control,6,1,E,NA,0,0
9/2/2020,1,128,Control6_1,Control,6,2,Be,1,0,0
9/3/2020,1,128,Control6_1,Control,6,3,B,NA,0,0
9/1/2020,1,129,Control6_1,Control,6,1,E,NA,0,0
9/2/2020,1,129,Control6_1,Control,6,2,Be,1,0,0
9/3/2020,1,129,Control6_1,Control,6,3,B,NA,0,0
9/1/2020,2,130,Control0_2,Control,0,1,E,NA,0,0
9/2/2020,2,130,Control0_2,Control,0,2,Be,1,0,0
9/3/2020,2,130,Control0_2,Control,0,3,B,NA,0,0
9/1/2020,1,131,Exposed3_1,Exposed,3,1,D,0,0,0
9/1/2020,2,132,Control3_2,Control,3,1,E,NA,0,0
9/2/2020,2,132,Control3_2,Control,3,2,Be,1,0,0
9/3/2020,2,132,Control3_2,Control,3,3,B,NA,0,0
9/1/2020,3,133,Control6_3,Control,6,1,E,NA,0,0
9/2/2020,3,133,Control6_3,Control,6,2,Be,1,0,0
9/3/2020,3,133,Control6_3,Control,6,3,B,NA,0,0
9/4/2020,3,133,Control6_3,Control,6,4,D,NA,0,0
9/1/2020,2,134,Exposed6_2,Exposed,6,1,O,NA,0,0
9/2/2020,2,134,Exposed6_2,Exposed,6,2,A,NA,0,0
9/3/2020,2,134,Exposed6_2,Exposed,6,3,A,NA,0,0
9/4/2020,2,134,Exposed6_2,Exposed,6,4,D,0,0,0
9/1/2020,1,135,Control0_1,Control,0,1,E,NA,0,0
9/2/2020,1,135,Control0_1,Control,0,2,Be,1,0,0
9/3/2020,1,135,Control0_1,Control,0,3,B,NA,0,0
9/1/2020,3,136,Exposed6_3,Exposed,6,1,A,NA,0,0
9/2/2020,3,136,Exposed6_3,Exposed,6,2,A,NA,0,0
9/3/2020,3,136,Exposed6_3,Exposed,6,3,E,NA,0,0
9/4/2020,3,136,Exposed6_3,Exposed,6,4,E,NA,0,0
9/5/2020,3,136,Exposed6_3,Exposed,6,5,D,0,0,0
9/1/2020,3,137,Control3_3,Control,3,1,E,NA,0,0
9/2/2020,3,137,Control3_3,Control,3,2,Be,1,0,0
9/3/2020,3,137,Control3_3,Control,3,3,B,NA,0,0
9/1/2020,2,138,Exposed0_2,Exposed,0,1,A,NA,0,0
9/2/2020,2,138,Exposed0_2,Exposed,0,2,A,NA,0,0
9/3/2020,2,138,Exposed0_2,Exposed,0,3,A,NA,0,0
9/4/2020,2,138,Exposed0_2,Exposed,0,4,D,0,0,0
9/1/2020,1,139,Exposed6_1,Exposed,6,1,E,NA,0,0
9/2/2020,1,139,Exposed6_1,Exposed,6,3,Be,1,0,0
9/3/2020,1,139,Exposed6_1,Exposed,6,4,B,NA,0,0
9/1/2020,2,140,Control3_2,Control,3,1,E,NA,0,0
9/2/2020,2,140,Control3_2,Control,3,2,Be,1,0,0
9/3/2020,2,140,Control3_2,Control,3,3,B,NA,0,0
9/1/2020,3,141,Exposed6_3,Exposed,6,1,E,NA,0,0
9/2/2020,3,141,Exposed6_3,Exposed,6,2,Be,1,0,0
9/3/2020,3,141,Exposed6_3,Exposed,6,3,B,NA,0,0
9/1/2020,1,142,Exposed0_1,Exposed,0,1,A,NA,0,0
9/2/2020,1,142,Exposed0_1,Exposed,0,2,A,NA,0,0
9/3/2020,1,142,Exposed0_1,Exposed,0,3,A,NA,0,0
9/4/2020,1,142,Exposed0_1,Exposed,0,4,D,0,0,0
9/1/2020,3,143,Control6_3,Control,6,1,E,NA,0,0
9/2/2020,3,143,Control6_3,Control,6,2,Be,1,0,0
9/3/2020,3,143,Control6_3,Control,6,3,B,NA,0,0
9/1/2020,3,144,Control6_3,Control,6,1,E,NA,0,0
9/2/2020,3,144,Control6_3,Control,6,2,Be,1,0,0
9/3/2020,3,144,Control6_3,Control,6,3,B,NA,0,0
9/1/2020,1,145,Exposed6_1,Exposed,6,1,E,NA,0,0
9/2/2020,1,145,Exposed6_1,Exposed,6,2,Be,1,0,0
9/3/2020,1,145,Exposed6_1,Exposed,6,3,B,NA,0,0
9/1/2020,3,146,Control0_3,Control,0,1,E,NA,0,0
9/2/2020,3,146,Control0_3,Control,0,2,Be,1,0,0
9/3/2020,3,146,Control0_3,Control,0,3,B,NA,0,0
9/1/2020,1,147,Control6_1,Control,6,1,E,NA,0,0
9/2/2020,1,147,Control6_1,Control,6,2,Be,1,0,0
9/3/2020,1,147,Control6_1,Control,6,3,B,NA,0,0
9/1/2020,3,148,Control6_3,Control,6,1,A,NA,0,0
9/2/2020,3,148,Control6_3,Control,6,2,Be,1,0,0
9/3/2020,3,148,Control6_3,Control,6,3,B,NA,0,0
9/1/2020,3,149,Exposed0_3,Exposed,0,1,A,NA,0,0
9/2/2020,3,149,Exposed0_3,Exposed,0,2,A,NA,0,0
9/3/2020,3,149,Exposed0_3,Exposed,0,3,A,NA,0,0
9/4/2020,3,149,Exposed0_3,Exposed,0,4,E,NA,0,0
9/5/2020,3,149,Exposed0_3,Exposed,0,5,A,NA,0,0
9/6/2020,3,149,Exposed0_3,Exposed,0,6,A,NA,0,0
9/7/2020,3,149,Exposed0_3,Exposed,0,7,A,NA,0,0
9/8/2020,3,149,Exposed0_3,Exposed,0,8,D,0,0,0
9/1/2020,1,150,Control3_1,Control,3,1,E,NA,0,0
9/2/2020,1,150,Control3_1,Control,3,2,Be,1,0,0
9/3/2020,1,150,Control3_1,Control,3,3,B,NA,0,0
9/1/2020,3,151,Control0_3,Control,0,1,E,NA,0,0
9/2/2020,3,151,Control0_3,Control,0,2,Be,1,0,0
9/3/2020,3,151,Control0_3,Control,0,3,B,NA,0,0
9/1/2020,1,152,Exposed0_1,Exposed,0,1,A,NA,0,0
9/2/2020,1,152,Exposed0_1,Exposed,0,2,A,NA,0,0
9/3/2020,1,152,Exposed0_1,Exposed,0,3,A,NA,0,0
9/4/2020,1,152,Exposed0_1,Exposed,0,4,D,0,0,0
9/1/2020,3,153,Exposed0_3,Exposed,0,1,A,NA,0,0
9/2/2020,3,153,Exposed0_3,Exposed,0,2,A,NA,0,0
9/3/2020,3,153,Exposed0_3,Exposed,0,3,A,NA,0,0
9/4/2020,3,153,Exposed0_3,Exposed,0,4,D,0,0,0
9/1/2020,1,154,Exposed3_1,Exposed,3,1,A,NA,0,0
9/2/2020,1,154,Exposed3_1,Exposed,3,2,E,NA,0,0
9/3/2020,1,154,Exposed3_1,Exposed,3,3,A,NA,0,0
9/4/2020,1,154,Exposed3_1,Exposed,3,4,D,0,0,0
9/1/2020,3,155,Exposed6_3,Exposed,6,1,A,NA,0,0
9/2/2020,3,155,Exposed6_3,Exposed,6,2,A,NA,0,0
9/3/2020,3,155,Exposed6_3,Exposed,6,3,A,NA,0,0
9/4/2020,3,155,Exposed6_3,Exposed,6,4,E,NA,0,0
9/5/2020,3,155,Exposed6_3,Exposed,6,5,D,0,0,0
9/1/2020,1,156,Exposed0_1,Exposed,0,1,A,NA,0,0
9/2/2020,1,156,Exposed0_1,Exposed,0,2,A,NA,0,0
9/3/2020,1,156,Exposed0_1,Exposed,0,3,A,NA,0,0
9/4/2020,1,156,Exposed0_1,Exposed,0,4,A,NA,0,0
9/5/2020,1,156,Exposed0_1,Exposed,0,5,D,0,0,0
9/1/2020,1,157,Control3_1,Control,3,1,E,NA,0,0
9/2/2020,1,157,Control3_1,Control,3,2,Be,1,0,0
9/3/2020,1,157,Control3_1,Control,3,3,B,NA,0,0
9/1/2020,2,158,Control0_2,Control,0,1,E,NA,0,0
9/2/2020,2,158,Control0_2,Control,0,2,Be,1,0,0
9/3/2020,2,158,Control0_2,Control,0,3,B,NA,0,0
9/1/2020,3,159,Exposed3_3,Exposed,3,1,A,NA,0,0
9/2/2020,3,159,Exposed3_3,Exposed,3,2,A,NA,0,0
9/3/2020,3,159,Exposed3_3,Exposed,3,3,A,NA,0,0
9/4/2020,3,159,Exposed3_3,Exposed,3,4,D,0,0,0
9/1/2020,3,160,Control6_3,Control,6,1,E,NA,0,0
9/2/2020,3,160,Control6_3,Control,6,2,Be,1,0,0
9/3/2020,3,160,Control6_3,Control,6,3,B,NA,0,0
9/1/2020,1,161,Control6_1,Control,6,1,E,NA,0,0
9/2/2020,1,161,Control6_1,Control,6,2,Be,1,0,0
9/3/2020,1,161,Control6_1,Control,6,3,B,NA,0,0
9/1/2020,2,162,Exposed3_2,Exposed,3,1,A,NA,0,0
9/2/2020,2,162,Exposed3_2,Exposed,3,2,A,NA,0,0
9/3/2020,2,162,Exposed3_2,Exposed,3,3,A,NA,0,0
9/4/2020,2,162,Exposed3_2,Exposed,3,4,E,NA,0,0
9/5/2020,2,162,Exposed3_2,Exposed,3,5,D,0,0,0
9/1/2020,1,163,Control6_1,Control,6,1,E,NA,0,0
9/2/2020,1,163,Control6_1,Control,6,2,Be,1,0,0
9/3/2020,1,163,Control6_1,Control,6,3,B,NA,0,0
9/1/2020,1,164,Exposed6_1,Exposed,6,1,E,NA,0,0
9/2/2020,1,164,Exposed6_1,Exposed,6,2,Be,1,0,0
9/3/2020,1,164,Exposed6_1,Exposed,6,3,B,NA,0,0
9/1/2020,2,165,Control3_2,Control,3,1,E,NA,0,0
9/2/2020,2,165,Control3_2,Control,3,2,Be,1,0,0
9/3/2020,2,165,Control3_2,Control,3,3,B,NA,0,0
9/1/2020,2,166,Exposed3_2,Exposed,3,1,A,NA,0,0
9/2/2020,2,166,Exposed3_2,Exposed,3,2,A,NA,0,0
9/3/2020,2,166,Exposed3_2,Exposed,3,3,D,0,0,0
9/1/2020,2,167,Exposed0_2,Exposed,0,1,A,NA,0,0
9/2/2020,2,167,Exposed0_2,Exposed,0,2,A,NA,0,0
9/3/2020,2,167,Exposed0_2,Exposed,0,3,A,NA,0,0
9/4/2020,2,167,Exposed0_2,Exposed,0,4,E,NA,0,0
9/5/2020,2,167,Exposed0_2,Exposed,0,5,D,0,0,0
9/1/2020,1,168,Exposed6_1,Exposed,6,1,A,NA,0,0
9/2/2020,1,168,Exposed6_1,Exposed,6,2,A,NA,0,0
9/3/2020,1,168,Exposed6_1,Exposed,6,3,A,NA,0,0
9/4/2020,1,168,Exposed6_1,Exposed,6,4,D,0,0,0
9/1/2020,2,169,Control0_2,Control,0,1,E,NA,0,0
9/2/2020,2,169,Control0_2,Control,0,2,Be,1,0,0
9/3/2020,2,169,Control0_2,Control,0,3,B,NA,0,0
9/1/2020,1,170,Control0_1,Control,0,1,E,NA,0,0
9/2/2020,1,170,Control0_1,Control,0,2,Be,1,0,0
9/3/2020,1,170,Control0_1,Control,0,3,B,NA,0,0
9/1/2020,3,171,Exposed0_3,Exposed,0,1,A,NA,0,0
9/2/2020,3,171,Exposed0_3,Exposed,0,2,D,0,0,0
9/3/2020,3,171,Exposed0_3,Exposed,0,3,D,NA,0,0
9/1/2020,2,172,Control0_2,Control,0,1,E,NA,0,0
9/2/2020,2,172,Control0_2,Control,0,2,Be,1,0,0
9/3/2020,2,172,Control0_2,Control,0,3,B,NA,0,0
9/1/2020,3,173,Control6_3,Control,6,1,E,NA,0,0
9/2/2020,3,173,Control6_3,Control,6,2,Be,1,0,0
9/3/2020,3,173,Control6_3,Control,6,3,B,NA,0,0
9/1/2020,2,174,Exposed0_2,Exposed,0,1,A,NA,0,0
9/2/2020,2,174,Exposed0_2,Exposed,0,2,A,NA,0,0
9/3/2020,2,174,Exposed0_2,Exposed,0,3,D,0,0,0
9/1/2020,1,175,Exposed0_1,Exposed,0,1,A,NA,0,0
9/2/2020,1,175,Exposed0_1,Exposed,0,2,A,NA,0,0
9/3/2020,1,175,Exposed0_1,Exposed,0,3,A,NA,0,0
9/4/2020,1,175,Exposed0_1,Exposed,0,4,D,0,0,0
9/1/2020,2,176,Control3_2,Control,3,1,E,NA,0,0
9/2/2020,2,176,Control3_2,Control,3,2,Be,1,0,0
9/3/2020,2,176,Control3_2,Control,3,3,B,NA,0,0
9/1/2020,3,177,Exposed3_3,Exposed,3,1,E,NA,0,0
9/2/2020,3,177,Exposed3_3,Exposed,3,2,Be,1,0,0
9/3/2020,3,177,Exposed3_3,Exposed,3,3,B,NA,0,0
9/1/2020,1,178,Exposed6_1,Exposed,6,1,A,NA,0,0
9/2/2020,1,178,Exposed6_1,Exposed,6,2,E,NA,0,0
9/3/2020,1,178,Exposed6_1,Exposed,6,3,D,0,0,0
9/4/2020,1,178,Exposed6_1,Exposed,6,4,D,NA,0,0
9/1/2020,1,179,Control6_1,Control,6,1,E,NA,0,0
9/2/2020,1,179,Control6_1,Control,6,2,Be,1,0,0
9/3/2020,1,179,Control6_1,Control,6,3,B,NA,0,0
9/1/2020,2,180,Exposed0_2,Exposed,0,1,A,NA,0,0
9/2/2020,2,180,Exposed0_2,Exposed,0,2,A,NA,0,0
9/3/2020,2,180,Exposed0_2,Exposed,0,3,D,0,0,0
9/1/2020,2,181,Exposed6_2,Exposed,6,1,E,NA,0,0
9/2/2020,2,181,Exposed6_2,Exposed,6,2,Be,1,0,0
9/3/2020,2,181,Exposed6_2,Exposed,6,3,B,NA,0,0
9/1/2020,2,182,Control0_2,Control,0,1,E,NA,0,0
9/2/2020,2,182,Control0_2,Control,0,2,Be,1,0,0
9/3/2020,2,182,Control0_2,Control,0,3,B,NA,0,0
9/1/2020,3,183,Control3_3,Control,3,1,E,NA,0,0
9/2/2020,3,183,Control3_3,Control,3,2,Be,1,0,0
9/3/2020,3,183,Control3_3,Control,3,3,B,NA,0,0
9/1/2020,1,184,Exposed3_1,Exposed,3,1,A,NA,0,0
9/2/2020,1,184,Exposed3_1,Exposed,3,2,A,NA,0,0
9/3/2020,1,184,Exposed3_1,Exposed,3,3,A,NA,0,0
9/4/2020,1,184,Exposed3_1,Exposed,3,4,D,0,0,0
9/1/2020,1,185,Control6_1,Control,6,1,E,NA,0,0
9/2/2020,1,185,Control6_1,Control,6,2,Be,1,0,0
9/3/2020,1,185,Control6_1,Control,6,3,B,NA,0,0
9/1/2020,3,186,Control3_3,Control,3,1,E,NA,0,0
9/2/2020,3,186,Control3_3,Control,3,2,Be,1,0,0
9/3/2020,3,186,Control3_3,Control,3,3,B,NA,0,0
9/1/2020,1,187,Exposed3_1,Exposed,3,1,A,NA,0,0
9/2/2020,1,187,Exposed3_1,Exposed,3,2,A,NA,0,0
9/3/2020,1,187,Exposed3_1,Exposed,3,3,D,0,0,0
9/1/2020,2,188,Control0_2,Control,0,1,E,NA,0,0
9/2/2020,2,188,Control0_2,Control,0,2,Be,1,0,0
9/3/2020,2,188,Control0_2,Control,0,3,B,NA,0,0
9/1/2020,1,189,Exposed0_1,Exposed,0,1,A,NA,0,0
9/2/2020,1,189,Exposed0_1,Exposed,0,2,A,NA,0,0
9/3/2020,1,189,Exposed0_1,Exposed,0,3,A,NA,0,0
9/4/2020,1,189,Exposed0_1,Exposed,0,4,D,0,0,0
9/1/2020,1,190,Control6_1,Control,6,1,E,NA,0,0
9/2/2020,1,190,Control6_1,Control,6,2,Be,1,0,0
9/3/2020,1,190,Control6_1,Control,6,3,B,NA,0,0
9/1/2020,3,191,Control0_3,Control,0,1,E,NA,0,0
9/2/2020,3,191,Control0_3,Control,0,2,Be,1,0,0
9/3/2020,3,191,Control0_3,Control,0,3,B,NA,0,0
9/1/2020,3,192,Exposed0_3,Exposed,0,1,A,NA,0,0
9/2/2020,3,192,Exposed0_3,Exposed,0,2,A,NA,0,0
9/3/2020,3,192,Exposed0_3,Exposed,0,3,A,NA,0,0
9/4/2020,3,192,Exposed0_3,Exposed,0,4,D,0,0,0
9/1/2020,3,193,Exposed3_3,Exposed,3,1,A,NA,0,0
9/2/2020,3,193,Exposed3_3,Exposed,3,2,A,NA,0,0
9/3/2020,3,193,Exposed3_3,Exposed,3,3,A,NA,0,0
9/4/2020,3,193,Exposed3_3,Exposed,3,4,D,0,0,0
9/1/2020,2,194,Control3_2,Control,3,1,E,NA,0,0
9/2/2020,2,194,Control3_2,Control,3,2,Be,1,0,0
9/3/2020,2,194,Control3_2,Control,3,3,B,NA,0,0
9/1/2020,3,195,Control6_3,Control,6,1,E,NA,0,0
9/2/2020,3,195,Control6_3,Control,6,2,Be,1,0,0
9/3/2020,3,195,Control6_3,Control,6,3,B,NA,0,0
9/1/2020,1,196,Control3_1,Control,3,1,E,NA,0,0
9/2/2020,1,196,Control3_1,Control,3,2,Be,1,0,0
9/3/2020,1,196,Control3_1,Control,3,3,B,NA,0,0
9/1/2020,2,197,Control6_2,Control,6,1,E,NA,0,0
9/2/2020,2,197,Control6_2,Control,6,2,Be,1,0,0
9/3/2020,2,197,Control6_2,Control,6,3,B,NA,0,0
9/1/2020,1,198,Control3_1,Control,3,1,E,NA,0,0
9/2/2020,1,198,Control3_1,Control,3,2,Be,1,0,0
9/3/2020,1,198,Control3_1,Control,3,3,B,NA,0,0
9/1/2020,1,199,Exposed6_1,Exposed,6,1,E,NA,0,0
9/2/2020,1,199,Exposed6_1,Exposed,6,2,Be,1,0,0
9/3/2020,1,199,Exposed6_1,Exposed,6,3,B,NA,0,0
9/1/2020,3,200,Control6_3,Control,6,1,E,NA,0,0
9/2/2020,3,200,Control6_3,Control,6,2,Be,1,0,0
9/3/2020,3,200,Control6_3,Control,6,3,B,NA,0,0
9/1/2020,3,201,Exposed0_3,Exposed,0,1,A,NA,0,0
9/2/2020,3,201,Exposed0_3,Exposed,0,2,A,NA,0,0
9/3/2020,3,201,Exposed0_3,Exposed,0,3,A,NA,0,0
9/4/2020,3,201,Exposed0_3,Exposed,0,4,A,NA,0,0
9/5/2020,3,201,Exposed0_3,Exposed,0,5,A,NA,0,0
9/6/2020,3,201,Exposed0_3,Exposed,0,6,D,0,0,0
9/1/2020,2,202,Exposed6_2,Exposed,6,1,A,NA,0,0
9/2/2020,2,202,Exposed6_2,Exposed,6,2,A,NA,0,0
9/3/2020,2,202,Exposed6_2,Exposed,6,3,A,NA,0,0
9/4/2020,2,202,Exposed6_2,Exposed,6,4,E,NA,0,0
9/5/2020,2,202,Exposed6_2,Exposed,6,5,A,NA,0,0
9/6/2020,2,202,Exposed6_2,Exposed,6,6,D,0,0,0
9/1/2020,3,203,Control6_3,Control,6,1,E,NA,0,0
9/2/2020,3,203,Control6_3,Control,6,2,Be,1,0,0
9/3/2020,3,203,Control6_3,Control,6,3,B,NA,0,0
9/1/2020,3,204,Control6_3,Control,6,1,E,NA,0,0
9/2/2020,3,204,Control6_3,Control,6,2,Be,1,0,0
9/3/2020,3,204,Control6_3,Control,6,3,B,NA,0,0
9/1/2020,2,205,Exposed0_2,Exposed,0,1,A,NA,0,0
9/2/2020,2,205,Exposed0_2,Exposed,0,2,E,NA,0,0
9/3/2020,2,205,Exposed0_2,Exposed,0,3,E,NA,0,0
9/4/2020,2,205,Exposed0_2,Exposed,0,4,E,NA,0,0
9/5/2020,2,205,Exposed0_2,Exposed,0,5,D,0,0,0
9/1/2020,3,206,Exposed3_3,Exposed,3,1,A,NA,0,0
9/2/2020,3,206,Exposed3_3,Exposed,3,2,A,NA,0,0
9/3/2020,3,206,Exposed3_3,Exposed,3,3,D,0,0,0
9/1/2020,1,207,Control3_1,Control,3,1,E,NA,0,0
9/2/2020,1,207,Control3_1,Control,3,2,E,NA,0,0
9/3/2020,1,207,Control3_1,Control,3,3,B,1,0,0
9/1/2020,3,208,Control6_3,Control,6,1,E,NA,0,0
9/2/2020,3,208,Control6_3,Control,6,2,E,NA,0,0
9/3/2020,3,208,Control6_3,Control,6,3,B,1,0,0
9/1/2020,2,209,Exposed3_2,Exposed,3,1,A,NA,0,0
9/2/2020,2,209,Exposed3_2,Exposed,3,2,D,0,0,0
9/3/2020,2,209,Exposed3_2,Exposed,3,3,D,NA,0,0
9/1/2020,1,210,Control0_1,Control,0,1,E,NA,0,0
9/2/2020,1,210,Control0_1,Control,0,2,Be,1,0,0
9/3/2020,1,210,Control0_1,Control,0,3,B,NA,0,0
9/1/2020,1,211,Control3_1,Control,3,1,E,NA,0,0
9/2/2020,1,211,Control3_1,Control,3,2,Be,1,0,0
9/3/2020,1,211,Control3_1,Control,3,3,B,NA,0,0
9/1/2020,1,212,Control0_1,Control,0,1,E,NA,0,0
9/2/2020,1,212,Control0_1,Control,0,2,Be,1,0,0
9/3/2020,1,212,Control0_1,Control,0,3,B,NA,0,0
9/1/2020,2,213,Control6_2,Control,6,1,A,NA,0,0
9/2/2020,2,213,Control6_2,Control,6,2,Be,1,0,0
9/3/2020,2,213,Control6_2,Control,6,3,B,NA,0,0
9/1/2020,1,214,Control3_1,Control,3,1,E,NA,0,0
9/2/2020,1,214,Control3_1,Control,3,2,Be,1,0,0
9/3/2020,1,214,Control3_1,Control,3,3,B,NA,0,0
9/1/2020,2,215,Exposed0_2,Exposed,0,1,A,NA,0,0
9/2/2020,2,215,Exposed0_2,Exposed,0,2,A,NA,0,0
9/3/2020,2,215,Exposed0_2,Exposed,0,3,D,0,0,0
9/1/2020,2,216,Exposed6_2,Exposed,6,1,E,NA,0,0
9/2/2020,2,216,Exposed6_2,Exposed,6,2,Be,1,0,0
9/3/2020,2,216,Exposed6_2,Exposed,6,3,B,NA,0,0
9/1/2020,3,217,Exposed3_3,Exposed,3,1,A,NA,0,0
9/2/2020,3,217,Exposed3_3,Exposed,3,2,E,NA,0,0
9/3/2020,3,217,Exposed3_3,Exposed,3,3,E,NA,0,0
9/4/2020,3,217,Exposed3_3,Exposed,3,4,E,NA,0,0
9/5/2020,3,217,Exposed3_3,Exposed,3,5,D,0,0,0
9/1/2020,2,218,Control6_2,Control,6,1,E,NA,0,0
9/2/2020,2,218,Control6_2,Control,6,2,Be,1,0,0
9/3/2020,2,218,Control6_2,Control,6,3,B,NA,0,0
9/1/2020,3,219,Exposed3_3,Exposed,3,1,A,NA,0,0
9/2/2020,3,219,Exposed3_3,Exposed,3,2,A,NA,0,0
9/3/2020,3,219,Exposed3_3,Exposed,3,3,D,0,0,0
9/1/2020,2,220,Exposed6_2,Exposed,6,1,A,NA,0,0
9/2/2020,2,220,Exposed6_2,Exposed,6,2,A,NA,0,0
9/3/2020,2,220,Exposed6_2,Exposed,6,3,A,NA,0,0
9/4/2020,2,220,Exposed6_2,Exposed,6,4,D,0,0,0
9/1/2020,3,221,Control6_3,Control,6,1,E,NA,0,0
9/2/2020,3,221,Control6_3,Control,6,2,Be,1,0,0
9/3/2020,3,221,Control6_3,Control,6,3,B,NA,0,0
9/1/2020,3,222,Exposed6_3,Exposed,6,1,A,NA,0,0
9/2/2020,3,222,Exposed6_3,Exposed,6,2,A,NA,0,0
9/3/2020,3,222,Exposed6_3,Exposed,6,3,A,NA,0,0
9/4/2020,3,222,Exposed6_3,Exposed,6,4,A,NA,0,0
9/5/2020,3,222,Exposed6_3,Exposed,6,5,D,0,0,0
9/1/2020,1,223,Control3_1,Control,3,1,E,NA,0,0
9/2/2020,1,223,Control3_1,Control,3,2,Be,1,0,0
9/3/2020,1,223,Control3_1,Control,3,3,B,NA,0,0
9/1/2020,2,224,Exposed3_2,Exposed,3,1,A,NA,0,0
9/2/2020,2,224,Exposed3_2,Exposed,3,2,A,NA,0,0
9/3/2020,2,224,Exposed3_2,Exposed,3,3,A,NA,0,0
9/4/2020,2,224,Exposed3_2,Exposed,3,4,D,0,0,0
9/1/2020,1,225,Exposed3_1,Exposed,3,1,A,NA,0,0
9/2/2020,1,225,Exposed3_1,Exposed,3,2,E,NA,0,0
9/3/2020,1,225,Exposed3_1,Exposed,3,3,E,NA,0,0
9/4/2020,1,225,Exposed3_1,Exposed,3,4,Be,1,0,0
9/5/2020,1,225,Exposed3_1,Exposed,3,5,Be,NA,0,0
9/6/2020,1,225,Exposed3_1,Exposed,3,6,B,NA,0,0
9/7/2020,1,225,Exposed3_1,Exposed,3,7,B,NA,0,0
9/8/2020,1,225,Exposed3_1,Exposed,3,8,B,NA,0,0
9/1/2020,3,226,Exposed6_3,Exposed,6,1,A,NA,0,0
9/2/2020,3,226,Exposed6_3,Exposed,6,2,A,NA,0,0
9/3/2020,3,226,Exposed6_3,Exposed,6,3,A,NA,0,0
9/4/2020,3,226,Exposed6_3,Exposed,6,4,A,NA,0,0
9/5/2020,3,226,Exposed6_3,Exposed,6,5,D,0,0,0
9/1/2020,2,227,Exposed3_2,Exposed,3,1,A,NA,0,0
9/2/2020,2,227,Exposed3_2,Exposed,3,2,A,NA,0,0
9/3/2020,2,227,Exposed3_2,Exposed,3,3,A,NA,0,0
9/4/2020,2,227,Exposed3_2,Exposed,3,4,D,0,0,0
9/1/2020,3,228,Exposed3_3,Exposed,3,1,E,NA,0,0
9/2/2020,3,228,Exposed3_3,Exposed,3,2,Be,1,0,0
9/3/2020,3,228,Exposed3_3,Exposed,3,3,B,NA,0,0
9/1/2020,1,229,Exposed3_1,Exposed,3,1,A,NA,0,0
9/2/2020,1,229,Exposed3_1,Exposed,3,2,A,NA,0,0
9/3/2020,1,229,Exposed3_1,Exposed,3,3,D,0,0,0
9/1/2020,1,230,Control0_1,Control,0,1,E,NA,0,0
9/2/2020,1,230,Control0_1,Control,0,2,Be,1,0,0
9/3/2020,1,230,Control0_1,Control,0,3,B,NA,0,0
9/1/2020,3,231,Exposed0_3,Exposed,0,1,A,NA,0,0
9/2/2020,3,231,Exposed0_3,Exposed,0,2,A,NA,0,0
9/3/2020,3,231,Exposed0_3,Exposed,0,3,A,NA,0,0
9/4/2020,3,231,Exposed0_3,Exposed,0,4,A,NA,0,0
9/5/2020,3,231,Exposed0_3,Exposed,0,5,D,0,0,0
9/1/2020,3,232,Exposed6_3,Exposed,6,1,A,NA,0,0
9/2/2020,3,232,Exposed6_3,Exposed,6,2,A,NA,0,0
9/3/2020,3,232,Exposed6_3,Exposed,6,3,A,NA,0,0
9/4/2020,3,232,Exposed6_3,Exposed,6,4,D,0,0,0
9/1/2020,2,233,Control3_2,Control,3,1,E,NA,0,0
9/2/2020,2,233,Control3_2,Control,3,2,Be,1,0,0
9/3/2020,2,233,Control3_2,Control,3,3,B,NA,0,0
9/1/2020,2,234,Control6_2,Control,6,1,E,NA,0,0
9/2/2020,2,234,Control6_2,Control,6,2,Be,1,0,0
9/3/2020,2,234,Control6_2,Control,6,3,B,NA,0,0
9/1/2020,1,235,Control6_1,Control,6,1,E,NA,0,0
9/2/2020,1,235,Control6_1,Control,6,2,Be,1,0,0
9/3/2020,1,235,Control6_1,Control,6,3,B,NA,0,0
9/1/2020,2,236,Exposed3_2,Exposed,3,1,A,NA,0,0
9/2/2020,2,236,Exposed3_2,Exposed,3,2,A,NA,0,0
9/3/2020,2,236,Exposed3_2,Exposed,3,3,A,NA,0,0
9/4/2020,2,236,Exposed3_2,Exposed,3,4,A,NA,0,0
9/5/2020,2,236,Exposed3_2,Exposed,3,5,D,0,0,0
9/1/2020,3,237,Exposed0_3,Exposed,0,1,D,0,0,0
9/2/2020,3,237,Exposed0_3,Exposed,0,2,D,NA,0,0
9/3/2020,3,237,Exposed0_3,Exposed,0,3,D,NA,0,0
9/1/2020,2,238,Exposed6_2,Exposed,6,1,E,NA,0,0
9/2/2020,2,238,Exposed6_2,Exposed,6,2,Be,1,0,0
9/3/2020,2,238,Exposed6_2,Exposed,6,3,B,NA,0,0
9/1/2020,1,239,Exposed3_1,Exposed,3,1,E,NA,0,0
9/2/2020,1,239,Exposed3_1,Exposed,3,2,E,NA,0,0
9/3/2020,1,239,Exposed3_1,Exposed,3,3,E,NA,0,0
9/4/2020,1,239,Exposed3_1,Exposed,3,4,D,0,0,0
9/1/2020,2,240,Exposed3_2,Exposed,3,1,A,NA,0,0
9/2/2020,2,240,Exposed3_2,Exposed,3,2,A,NA,0,0
9/3/2020,2,240,Exposed3_2,Exposed,3,3,A,NA,0,0
9/4/2020,2,240,Exposed3_2,Exposed,3,4,D,0,0,0
9/1/2020,2,241,Control6_2,Control,6,1,E,NA,0,0
9/2/2020,2,241,Control6_2,Control,6,2,Be,1,0,0
9/3/2020,2,241,Control6_2,Control,6,3,B,NA,0,0
9/1/2020,1,242,Control3_1,Control,3,1,E,NA,0,0
9/2/2020,1,242,Control3_1,Control,3,2,Be,1,0,0
9/3/2020,1,242,Control3_1,Control,3,3,B,NA,0,0
9/1/2020,2,243,Exposed0_2,Exposed,0,1,A,NA,0,0
9/2/2020,2,243,Exposed0_2,Exposed,0,2,A,NA,0,0
9/3/2020,2,243,Exposed0_2,Exposed,0,3,A,NA,0,0
9/4/2020,2,243,Exposed0_2,Exposed,0,4,D,0,0,0
9/1/2020,2,244,Exposed6_2,Exposed,6,1,A,NA,0,0
9/2/2020,2,244,Exposed6_2,Exposed,6,2,A,NA,0,0
9/3/2020,2,244,Exposed6_2,Exposed,6,3,A,NA,0,0
9/4/2020,2,244,Exposed6_2,Exposed,6,4,A,NA,0,0
9/5/2020,2,244,Exposed6_2,Exposed,6,5,D,0,0,0
9/1/2020,2,245,Exposed6_2,Exposed,6,1,A,NA,0,0
9/2/2020,2,245,Exposed6_2,Exposed,6,2,D,0,0,0
9/3/2020,2,245,Exposed6_2,Exposed,6,3,D,NA,0,0
9/1/2020,3,246,Control0_3,Control,0,1,E,NA,0,0
9/2/2020,3,246,Control0_3,Control,0,2,Be,1,0,0
9/3/2020,3,246,Control0_3,Control,0,3,B,NA,0,0
9/1/2020,2,247,Exposed0_2,Exposed,0,1,A,NA,0,0
9/2/2020,2,247,Exposed0_2,Exposed,0,2,A,NA,0,0
9/3/2020,2,247,Exposed0_2,Exposed,0,3,A,NA,0,0
9/4/2020,2,247,Exposed0_2,Exposed,0,4,D,0,0,0
9/1/2020,2,248,Exposed3_2,Exposed,3,1,A,NA,0,0
9/2/2020,2,248,Exposed3_2,Exposed,3,2,A,NA,0,0
9/3/2020,2,248,Exposed3_2,Exposed,3,3,A,NA,0,0
9/4/2020,2,248,Exposed3_2,Exposed,3,4,D,0,0,0
9/1/2020,3,249,Control6_3,Control,6,1,E,NA,0,0
9/2/2020,3,249,Control6_3,Control,6,2,Be,1,0,0
9/3/2020,3,249,Control6_3,Control,6,3,B,NA,0,0
9/1/2020,3,250,Control0_3,Control,0,1,E,NA,0,0
9/2/2020,3,250,Control0_3,Control,0,2,Be,1,0,0
9/3/2020,3,250,Control0_3,Control,0,3,B,NA,0,0
9/1/2020,2,251,Exposed6_2,Exposed,6,1,A,NA,0,0
9/2/2020,2,251,Exposed6_2,Exposed,6,2,E,NA,0,0
9/3/2020,2,251,Exposed6_2,Exposed,6,3,E,NA,0,0
9/4/2020,2,251,Exposed6_2,Exposed,6,4,D,0,0,0
9/1/2020,1,252,Exposed6_1,Exposed,6,1,A,NA,0,0
9/2/2020,1,252,Exposed6_1,Exposed,6,2,A,NA,0,0
9/3/2020,1,252,Exposed6_1,Exposed,6,3,A,NA,0,0
9/4/2020,1,252,Exposed6_1,Exposed,6,4,A,NA,0,0
9/5/2020,1,252,Exposed6_1,Exposed,6,5,A,NA,0,0
9/6/2020,1,252,Exposed6_1,Exposed,6,6,E,NA,0,0
9/7/2020,1,252,Exposed6_1,Exposed,6,7,D,0,0,0
9/1/2020,1,253,Exposed0_1,Exposed,0,1,A,NA,0,0
9/2/2020,1,253,Exposed0_1,Exposed,0,2,A,NA,0,0
9/3/2020,1,253,Exposed0_1,Exposed,0,3,A,NA,0,0
9/4/2020,1,253,Exposed0_1,Exposed,0,4,D,0,0,0
9/1/2020,3,254,Exposed6_3,Exposed,6,1,E,NA,0,0
9/2/2020,3,254,Exposed6_3,Exposed,6,2,Be,1,0,0
9/3/2020,3,254,Exposed6_3,Exposed,6,3,B,NA,0,0
9/1/2020,1,255,Exposed0_1,Exposed,0,1,A,NA,0,0
9/2/2020,1,255,Exposed0_1,Exposed,0,2,A,NA,0,0
9/3/2020,1,255,Exposed0_1,Exposed,0,3,D,0,0,0
9/1/2020,1,256,Exposed6_1,Exposed,6,1,A,NA,0,0
9/2/2020,1,256,Exposed6_1,Exposed,6,2,A,NA,0,0
9/3/2020,1,256,Exposed6_1,Exposed,6,3,E,NA,0,0
9/4/2020,1,256,Exposed6_1,Exposed,6,4,D,0,0,0
9/1/2020,2,257,Control6_2,Control,6,1,E,NA,0,0
9/2/2020,2,257,Control6_2,Control,6,2,Be,1,0,0
9/3/2020,2,257,Control6_2,Control,6,3,B,NA,0,0
9/1/2020,3,258,Control3_3,Control,3,1,E,NA,0,0
9/2/2020,3,258,Control3_3,Control,3,2,Be,1,0,0
9/3/2020,3,258,Control3_3,Control,3,3,B,NA,0,0
9/1/2020,3,259,Exposed0_3,Exposed,0,1,A,NA,0,0
9/2/2020,3,259,Exposed0_3,Exposed,0,2,A,NA,0,0
9/3/2020,3,259,Exposed0_3,Exposed,0,3,Be,1,0,0
9/4/2020,3,259,Exposed0_3,Exposed,0,4,B,NA,0,0
9/1/2020,3,260,Control3_3,Control,3,1,E,NA,0,0
9/2/2020,3,260,Control3_3,Control,3,2,Be,1,0,0
9/3/2020,3,260,Control3_3,Control,3,3,B,NA,0,0
9/1/2020,1,261,Control6_1,Control,6,1,E,NA,0,0
9/2/2020,1,261,Control6_1,Control,6,2,Be,1,0,0
9/3/2020,1,261,Control6_1,Control,6,3,B,NA,0,0
9/1/2020,2,262,Exposed0_2,Exposed,0,1,A,NA,0,0
9/2/2020,2,262,Exposed0_2,Exposed,0,2,A,NA,0,0
9/3/2020,2,262,Exposed0_2,Exposed,0,3,A,NA,0,0
9/4/2020,2,262,Exposed0_2,Exposed,0,4,D,0,0,0
9/1/2020,1,263,Exposed3_1,Exposed,3,1,E,NA,0,0
9/2/2020,1,263,Exposed3_1,Exposed,3,2,Be,1,0,0
9/3/2020,1,263,Exposed3_1,Exposed,3,3,B,NA,0,0
9/1/2020,1,264,Exposed6_1,Exposed,6,1,A,NA,0,0
9/2/2020,1,264,Exposed6_1,Exposed,6,2,E,NA,0,0
9/3/2020,1,264,Exposed6_1,Exposed,6,3,A,NA,0,0
9/4/2020,1,264,Exposed6_1,Exposed,6,4,D,0,0,0
9/1/2020,1,265,Control6_1,Control,6,1,E,NA,1,0
9/2/2020,1,265,Control6_1,Control,6,2,E,NA,1,0
9/3/2020,1,265,Control6_1,Control,6,3,E,NA,1,0
9/4/2020,1,265,Control6_1,Control,6,4,E,NA,1,0
9/5/2020,1,265,Control6_1,Control,6,5,E,NA,1,0
9/6/2020,1,265,Control6_1,Control,6,6,E,NA,1,0
9/7/2020,1,265,Control6_1,Control,6,7,E,NA,1,0
9/8/2020,1,265,Control6_1,Control,6,8,E,NA,1,0
9/9/2020,1,265,Control6_1,Control,6,9,E,NA,1,0
9/10/2020,1,265,Control6_1,Control,6,10,E,NA,1,0
9/1/2020,1,266,Control6_1,Control,6,1,E,NA,0,0
9/2/2020,1,266,Control6_1,Control,6,2,Be,1,0,0
9/3/2020,1,266,Control6_1,Control,6,3,B,NA,0,0
9/1/2020,2,267,Control6_2,Control,6,1,E,NA,0,0
9/2/2020,2,267,Control6_2,Control,6,2,Be,1,0,0
9/3/2020,2,267,Control6_2,Control,6,3,B,NA,0,0
9/1/2020,1,268,Control3_1,Control,3,1,E,NA,0,0
9/2/2020,1,268,Control3_1,Control,3,2,Be,1,0,0
9/3/2020,1,268,Control3_1,Control,3,3,B,NA,0,0
9/1/2020,3,269,Control0_3,Control,0,1,E,NA,0,0
9/2/2020,3,269,Control0_3,Control,0,2,Be,1,0,0
9/3/2020,3,269,Control0_3,Control,0,3,B,NA,0,0
9/1/2020,2,270,Control0_2,Control,0,1,E,NA,0,0
9/2/2020,2,270,Control0_2,Control,0,2,Be,1,0,0
9/3/2020,2,270,Control0_2,Control,0,3,B,NA,0,0
9/1/2020,2,271,Control0_2,Control,0,1,A,NA,0,0
9/2/2020,2,271,Control0_2,Control,0,2,E,NA,0,0
9/3/2020,2,271,Control0_2,Control,0,3,B,1,0,0
9/1/2020,1,272,Control6_1,Control,6,1,E,NA,0,0
9/2/2020,1,272,Control6_1,Control,6,2,Be,1,0,0
9/3/2020,1,272,Control6_1,Control,6,3,B,NA,0,0
9/1/2020,1,273,Control0_1,Control,0,1,E,NA,0,0
9/2/2020,1,273,Control0_1,Control,0,2,Be,1,0,0
9/3/2020,1,273,Control0_1,Control,0,3,B,NA,0,0
9/1/2020,1,274,Exposed0_1,Exposed,0,1,A,NA,0,0
9/2/2020,1,274,Exposed0_1,Exposed,0,2,A,0,0,0
9/3/2020,1,274,Exposed0_1,Exposed,0,3,A,NA,0,0
9/4/2020,1,274,Exposed0_1,Exposed,0,4,D,NA,0,0
9/1/2020,2,275,Control3_2,Control,3,1,E,NA,0,0
9/2/2020,2,275,Control3_2,Control,3,2,Be,1,0,0
9/3/2020,2,275,Control3_2,Control,3,3,B,NA,0,0
9/1/2020,3,276,Exposed6_3,Exposed,6,1,E,NA,0,0
9/2/2020,3,276,Exposed6_3,Exposed,6,2,E,NA,0,0
9/3/2020,3,276,Exposed6_3,Exposed,6,3,E,NA,0,0
9/4/2020,3,276,Exposed6_3,Exposed,6,4,D,0,0,0
9/1/2020,2,277,Exposed3_2,Exposed,3,1,A,NA,0,0
9/2/2020,2,277,Exposed3_2,Exposed,3,2,A,NA,0,0
9/3/2020,2,277,Exposed3_2,Exposed,3,3,D,0,0,0
9/1/2020,1,278,Exposed6_1,Exposed,6,1,A,NA,0,0
9/2/2020,1,278,Exposed6_1,Exposed,6,2,A,NA,0,0
9/3/2020,1,278,Exposed6_1,Exposed,6,3,D,0,0,0
9/1/2020,1,279,Control0_1,Control,0,1,E,NA,0,0
9/2/2020,1,279,Control0_1,Control,0,2,Be,1,0,0
9/3/2020,1,279,Control0_1,Control,0,3,B,NA,0,0
9/1/2020,2,280,Control6_2,Control,6,1,E,NA,0,0
9/2/2020,2,280,Control6_2,Control,6,2,Be,1,0,0
9/3/2020,2,280,Control6_2,Control,6,3,B,NA,0,0
9/1/2020,1,281,Exposed6_1,Exposed,6,1,A,NA,0,0
9/2/2020,1,281,Exposed6_1,Exposed,6,2,A,NA,0,0
9/3/2020,1,281,Exposed6_1,Exposed,6,3,A,NA,0,0
9/4/2020,1,281,Exposed6_1,Exposed,6,4,D,0,0,0
9/1/2020,3,282,Control0_3,Control,0,1,E,NA,0,0
9/2/2020,3,282,Control0_3,Control,0,2,Be,1,0,0
9/3/2020,3,282,Control0_3,Control,0,3,B,NA,0,0
9/1/2020,1,283,Exposed3_1,Exposed,3,1,A,NA,0,0
9/2/2020,1,283,Exposed3_1,Exposed,3,2,E,NA,0,0
9/3/2020,1,283,Exposed3_1,Exposed,3,3,A,NA,0,0
9/4/2020,1,283,Exposed3_1,Exposed,3,4,D,0,0,0
9/1/2020,1,284,Control3_1,Control,3,1,E,NA,0,0
9/2/2020,1,284,Control3_1,Control,3,2,Be,1,0,0
9/3/2020,1,284,Control3_1,Control,3,3,B,NA,0,0
9/1/2020,3,285,Exposed0_3,Exposed,0,1,A,NA,0,0
9/2/2020,3,285,Exposed0_3,Exposed,0,2,A,NA,0,0
9/3/2020,3,285,Exposed0_3,Exposed,0,3,A,NA,0,0
9/4/2020,3,285,Exposed0_3,Exposed,0,4,A,NA,0,0
9/5/2020,3,285,Exposed0_3,Exposed,0,5,D,0,0,0
9/1/2020,2,286,Exposed3_2,Exposed,3,1,A,NA,0,0
9/2/2020,2,286,Exposed3_2,Exposed,3,2,A,NA,0,0
9/3/2020,2,286,Exposed3_2,Exposed,3,3,A,NA,0,0
9/4/2020,2,286,Exposed3_2,Exposed,3,4,D,0,0,0
9/1/2020,2,287,Control0_2,Control,0,1,E,NA,0,0
9/2/2020,2,287,Control0_2,Control,0,2,Be,1,0,0
9/3/2020,2,287,Control0_2,Control,0,3,B,NA,0,0
9/1/2020,2,288,Control3_2,Control,3,1,E,NA,0,0
9/2/2020,2,288,Control3_2,Control,3,2,Be,1,0,0
9/3/2020,2,288,Control3_2,Control,3,3,B,NA,0,0
9/1/2020,2,289,Control6_2,Control,6,1,E,NA,0,0
9/2/2020,2,289,Control6_2,Control,6,2,Be,1,0,0
9/3/2020,2,289,Control6_2,Control,6,3,B,NA,0,0
9/1/2020,1,290,Control3_1,Control,3,1,E,NA,0,0
9/2/2020,1,290,Control3_1,Control,3,2,Be,1,0,0
9/3/2020,1,290,Control3_1,Control,3,3,B,NA,0,0
9/1/2020,1,291,Exposed0_1,Exposed,0,1,A,NA,0,0
9/2/2020,1,291,Exposed0_1,Exposed,0,2,A,NA,0,0
9/3/2020,1,291,Exposed0_1,Exposed,0,3,A,NA,0,0
9/4/2020,1,291,Exposed0_1,Exposed,0,4,A,NA,0,0
9/5/2020,1,291,Exposed0_1,Exposed,0,5,A,NA,0,0
9/6/2020,1,291,Exposed0_1,Exposed,0,6,A,NA,0,0
9/7/2020,1,291,Exposed0_1,Exposed,0,7,A,NA,0,0
9/8/2020,1,291,Exposed0_1,Exposed,0,8,E,NA,0,0
9/9/2020,1,291,Exposed0_1,Exposed,0,9,E,NA,0,0
9/10/2020,1,291,Exposed0_1,Exposed,0,10,D,0,0,0
9/1/2020,3,292,Control0_3,Control,0,1,E,NA,0,0
9/2/2020,3,292,Control0_3,Control,0,2,Be,1,0,0
9/3/2020,3,292,Control0_3,Control,0,3,B,NA,0,0
9/1/2020,1,293,Exposed6_1,Exposed,6,1,A,NA,0,0
9/2/2020,1,293,Exposed6_1,Exposed,6,2,A,NA,0,0
9/3/2020,1,293,Exposed6_1,Exposed,6,3,A,NA,0,0
9/4/2020,1,293,Exposed6_1,Exposed,6,4,A,NA,0,0
9/5/2020,1,293,Exposed6_1,Exposed,6,5,A,NA,0,0
9/6/2020,1,293,Exposed6_1,Exposed,6,6,A,NA,0,0
9/7/2020,1,293,Exposed6_1,Exposed,6,7,A,NA,0,0
9/8/2020,1,293,Exposed6_1,Exposed,6,8,E,NA,0,0
9/9/2020,1,293,Exposed6_1,Exposed,6,9,D,0,0,0
9/1/2020,2,294,Control3_2,Control,3,1,E,NA,0,0
9/2/2020,2,294,Control3_2,Control,3,2,Be,1,0,0
9/3/2020,2,294,Control3_2,Control,3,3,B,NA,0,0
9/1/2020,3,295,Exposed6_3,Exposed,6,1,A,NA,0,0
9/2/2020,3,295,Exposed6_3,Exposed,6,2,A,NA,0,0
9/3/2020,3,295,Exposed6_3,Exposed,6,3,A,NA,0,0
9/4/2020,3,295,Exposed6_3,Exposed,6,4,D,0,0,0
9/1/2020,1,296,Exposed0_1,Exposed,0,1,E,NA,0,0
9/2/2020,1,296,Exposed0_1,Exposed,0,2,Be,1,0,0
9/3/2020,1,296,Exposed0_1,Exposed,0,3,D,NA,0,0
9/1/2020,2,297,Exposed3_2,Exposed,3,1,D,0,0,0
9/2/2020,2,297,Exposed3_2,Exposed,3,2,D,NA,0,0
9/3/2020,2,297,Exposed3_2,Exposed,3,3,D,NA,0,0
9/1/2020,2,298,Exposed6_2,Exposed,6,1,E,NA,0,0
9/2/2020,2,298,Exposed6_2,Exposed,6,2,Be,1,0,0
9/3/2020,2,298,Exposed6_2,Exposed,6,3,B,NA,0,0
9/1/2020,3,299,Control6_3,Control,6,1,E,NA,0,0
9/2/2020,3,299,Control6_3,Control,6,2,Be,1,0,0
9/3/2020,3,299,Control6_3,Control,6,3,B,NA,0,0
9/1/2020,1,300,Control0_1,Control,0,1,E,NA,0,0
9/2/2020,1,300,Control0_1,Control,0,2,Be,1,0,0
9/3/2020,1,300,Control0_1,Control,0,3,B,NA,0,0
9/1/2020,2,301,Control3_2,Control,3,1,E,NA,0,0
9/2/2020,2,301,Control3_2,Control,3,2,Be,1,0,0
9/3/2020,2,301,Control3_2,Control,3,3,B,NA,0,0
9/1/2020,2,302,Exposed3_2,Exposed,3,1,A,NA,0,0
9/2/2020,2,302,Exposed3_2,Exposed,3,2,A,NA,0,0
9/3/2020,2,302,Exposed3_2,Exposed,3,3,A,NA,0,0
9/4/2020,2,302,Exposed3_2,Exposed,3,4,A,NA,0,0
9/5/2020,2,302,Exposed3_2,Exposed,3,5,D,0,0,0
9/1/2020,2,303,Control6_2,Control,6,1,E,NA,0,0
9/2/2020,2,303,Control6_2,Control,6,2,Be,1,0,0
9/3/2020,2,303,Control6_2,Control,6,3,B,NA,0,0
9/1/2020,1,304,Exposed3_1,Exposed,3,1,A,NA,0,0
9/2/2020,1,304,Exposed3_1,Exposed,3,2,A,NA,0,0
9/3/2020,1,304,Exposed3_1,Exposed,3,3,A,NA,0,0
9/4/2020,1,304,Exposed3_1,Exposed,3,4,D,0,0,0
9/1/2020,3,305,Exposed6_3,Exposed,6,1,A,NA,0,0
9/2/2020,3,305,Exposed6_3,Exposed,6,2,E,NA,0,0
9/3/2020,3,305,Exposed6_3,Exposed,6,3,A,NA,0,0
9/4/2020,3,305,Exposed6_3,Exposed,6,4,A,NA,0,0
9/5/2020,3,305,Exposed6_3,Exposed,6,5,A,NA,0,0
9/6/2020,3,305,Exposed6_3,Exposed,6,6,D,0,0,0
9/1/2020,1,306,Exposed3_1,Exposed,3,1,A,NA,0,0
9/2/2020,1,306,Exposed3_1,Exposed,3,2,A,NA,0,0
9/3/2020,1,306,Exposed3_1,Exposed,3,3,A,NA,0,0
9/4/2020,1,306,Exposed3_1,Exposed,3,4,A,NA,0,0
9/5/2020,1,306,Exposed3_1,Exposed,3,5,D,0,0,0
9/1/2020,2,307,Exposed0_2,Exposed,0,1,A,NA,0,0
9/2/2020,2,307,Exposed0_2,Exposed,0,2,A,NA,0,0
9/3/2020,2,307,Exposed0_2,Exposed,0,3,D,0,0,0
9/1/2020,1,308,Exposed3_1,Exposed,3,1,A,NA,0,0
9/2/2020,1,308,Exposed3_1,Exposed,3,2,D,0,0,0
9/3/2020,1,308,Exposed3_1,Exposed,3,3,D,NA,0,0
9/1/2020,1,309,Exposed6_1,Exposed,6,1,A,NA,0,0
9/2/2020,1,309,Exposed6_1,Exposed,6,2,A,NA,0,0
9/3/2020,1,309,Exposed6_1,Exposed,6,3,A,NA,0,0
9/4/2020,1,309,Exposed6_1,Exposed,6,4,A,NA,0,0
9/5/2020,1,309,Exposed6_1,Exposed,6,5,D,0,0,0
9/1/2020,3,310,Exposed6_3,Exposed,6,1,A,NA,0,0
9/2/2020,3,310,Exposed6_3,Exposed,6,2,A,NA,0,0
9/3/2020,3,310,Exposed6_3,Exposed,6,3,A,NA,0,0
9/4/2020,3,310,Exposed6_3,Exposed,6,4,A,NA,0,0
9/5/2020,3,310,Exposed6_3,Exposed,6,5,D,0,0,0
9/1/2020,3,311,Control3_3,Control,3,1,E,NA,0,0
9/2/2020,3,311,Control3_3,Control,3,2,Be,1,0,0
9/3/2020,3,311,Control3_3,Control,3,3,B,NA,0,0
9/1/2020,2,312,Exposed6_2,Exposed,6,1,E,NA,0,0
9/2/2020,2,312,Exposed6_2,Exposed,6,2,Be,1,0,0
9/3/2020,2,312,Exposed6_2,Exposed,6,3,B,NA,0,0
9/1/2020,2,313,Control6_2,Control,6,1,E,NA,0,0
9/2/2020,2,313,Control6_2,Control,6,2,Be,1,0,0
9/3/2020,2,313,Control6_2,Control,6,3,B,NA,0,0
9/1/2020,3,314,Control0_3,Control,0,1,E,NA,0,0
9/2/2020,3,314,Control0_3,Control,0,2,Be,1,0,0
9/3/2020,3,314,Control0_3,Control,0,3,B,NA,0,0
9/1/2020,3,315,Control0_3,Control,0,1,E,NA,0,0
9/2/2020,3,315,Control0_3,Control,0,2,Be,1,0,0
9/3/2020,3,315,Control0_3,Control,0,3,B,NA,0,0
9/1/2020,3,316,Control0_3,Control,0,1,E,NA,0,0
9/2/2020,3,316,Control0_3,Control,0,2,Be,1,0,0
9/3/2020,3,316,Control0_3,Control,0,3,B,NA,0,0
9/1/2020,3,317,Exposed3_3,Exposed,3,1,A,NA,0,0
9/2/2020,3,317,Exposed3_3,Exposed,3,2,A,NA,0,0
9/3/2020,3,317,Exposed3_3,Exposed,3,3,A,NA,0,0
9/4/2020,3,317,Exposed3_3,Exposed,3,4,D,0,0,0
9/1/2020,2,318,Exposed3_2,Exposed,3,1,A,NA,0,0
9/2/2020,2,318,Exposed3_2,Exposed,3,2,A,NA,0,0
9/3/2020,2,318,Exposed3_2,Exposed,3,3,A,NA,0,0
9/4/2020,2,318,Exposed3_2,Exposed,3,4,D,0,0,0
9/1/2020,3,319,Exposed6_3,Exposed,6,1,A,NA,0,0
9/2/2020,3,319,Exposed6_3,Exposed,6,2,A,NA,0,0
9/3/2020,3,319,Exposed6_3,Exposed,6,3,A,NA,0,0
9/4/2020,3,319,Exposed6_3,Exposed,6,4,D,0,0,0
9/1/2020,3,320,Exposed0_3,Exposed,0,1,A,NA,0,0
9/2/2020,3,320,Exposed0_3,Exposed,0,2,A,NA,0,0
9/3/2020,3,320,Exposed0_3,Exposed,0,3,A,NA,0,0
9/4/2020,3,320,Exposed0_3,Exposed,0,4,D,0,0,0
9/1/2020,3,321,Exposed3_3,Exposed,3,1,A,NA,0,0
9/2/2020,3,321,Exposed3_3,Exposed,3,2,A,NA,0,0
9/3/2020,3,321,Exposed3_3,Exposed,3,3,A,NA,0,0
9/4/2020,3,321,Exposed3_3,Exposed,3,4,A,NA,0,0
9/5/2020,3,321,Exposed3_3,Exposed,3,5,A,NA,0,0
9/6/2020,3,321,Exposed3_3,Exposed,3,6,D,0,0,0
9/1/2020,3,322,Control6_3,Control,6,1,E,NA,0,0
9/2/2020,3,322,Control6_3,Control,6,2,Be,1,0,0
9/3/2020,3,322,Control6_3,Control,6,3,B,NA,0,0
9/1/2020,1,323,Exposed0_1,Exposed,0,1,A,NA,0,0
9/2/2020,1,323,Exposed0_1,Exposed,0,2,D,0,0,0
9/3/2020,1,323,Exposed0_1,Exposed,0,3,D,NA,0,0
9/1/2020,1,324,Exposed0_1,Exposed,0,1,A,NA,0,1
9/2/2020,1,324,Exposed0_1,Exposed,0,2,A,NA,0,1
9/3/2020,1,324,Exposed0_1,Exposed,0,3,O,NA,0,1
9/4/2020,1,324,Exposed0_1,Exposed,0,4,O,NA,0,1
9/5/2020,1,324,Exposed0_1,Exposed,0,5,O,NA,0,1
9/6/2020,1,324,Exposed0_1,Exposed,0,6,O,NA,0,1
9/7/2020,1,324,Exposed0_1,Exposed,0,7,O,NA,0,1
9/8/2020,1,324,Exposed0_1,Exposed,0,8,O,NA,0,1
9/9/2020,1,324,Exposed0_1,Exposed,0,9,O,NA,0,1
9/10/2020,1,324,Exposed0_1,Exposed,0,10,O,NA,0,1
9/1/2020,3,325,Exposed3_3,Exposed,3,1,A,NA,0,0
9/2/2020,3,325,Exposed3_3,Exposed,3,2,A,0,0,0
9/3/2020,3,325,Exposed3_3,Exposed,3,3,A,NA,0,0
9/4/2020,3,325,Exposed3_3,Exposed,3,4,D,NA,0,0
9/1/2020,1,326,Exposed6_1,Exposed,6,1,A,NA,0,0
9/2/2020,1,326,Exposed6_1,Exposed,6,2,A,NA,0,0
9/3/2020,1,326,Exposed6_1,Exposed,6,3,A,NA,0,0
9/4/2020,1,326,Exposed6_1,Exposed,6,4,D,0,0,0
9/1/2020,2,327,Control0_2,Control,0,1,E,NA,0,0
9/2/2020,2,327,Control0_2,Control,0,2,Be,1,0,0
9/3/2020,2,327,Control0_2,Control,0,3,B,NA,0,0
9/1/2020,1,328,Control6_1,Control,6,1,censored,NA,0,1
9/1/2020,2,329,Exposed0_2,Exposed,0,1,E,NA,0,0
9/2/2020,2,329,Exposed0_2,Exposed,0,2,Be,1,0,0
9/3/2020,2,329,Exposed0_2,Exposed,0,3,B,NA,0,0
9/4/2020,2,329,Exposed0_2,Exposed,0,4,D,NA,0,0
9/1/2020,2,330,Exposed0_2,Exposed,0,1,A,NA,0,0
9/2/2020,2,330,Exposed0_2,Exposed,0,2,A,NA,0,0
9/3/2020,2,330,Exposed0_2,Exposed,0,3,A,NA,0,0
9/4/2020,2,330,Exposed0_2,Exposed,0,4,D,0,0,0
9/1/2020,2,331,Exposed6_2,Exposed,6,1,E,NA,0,0
9/2/2020,2,331,Exposed6_2,Exposed,6,2,A,NA,0,0
9/3/2020,2,331,Exposed6_2,Exposed,6,3,E,NA,0,0
9/4/2020,2,331,Exposed6_2,Exposed,6,4,D,0,0,0
9/1/2020,1,332,Exposed0_1,Exposed,0,1,A,NA,0,0
9/2/2020,1,332,Exposed0_1,Exposed,0,2,E,0,0,0
9/3/2020,1,332,Exposed0_1,Exposed,0,3,E,NA,0,0
9/4/2020,1,332,Exposed0_1,Exposed,0,4,D,NA,0,0
9/1/2020,1,333,Control3_1,Control,3,1,E,NA,0,0
9/2/2020,1,333,Control3_1,Control,3,2,Be,1,0,0
9/3/2020,1,333,Control3_1,Control,3,3,B,NA,0,0
9/1/2020,1,334,Control3_1,Control,3,1,E,NA,0,0
9/2/2020,1,334,Control3_1,Control,3,2,Be,1,0,0
9/3/2020,1,334,Control3_1,Control,3,3,B,NA,0,0
9/1/2020,2,335,Exposed0_2,Exposed,0,1,A,NA,0,0
9/2/2020,2,335,Exposed0_2,Exposed,0,2,A,NA,0,0
9/3/2020,2,335,Exposed0_2,Exposed,0,3,A,NA,0,0
9/4/2020,2,335,Exposed0_2,Exposed,0,4,E,NA,0,0
9/5/2020,2,335,Exposed0_2,Exposed,0,5,D,0,0,0
9/1/2020,3,336,Control6_3,Control,6,1,E,NA,0,0
9/2/2020,3,336,Control6_3,Control,6,2,E,NA,0,0
9/3/2020,3,336,Control6_3,Control,6,3,B,1,0,0
9/1/2020,3,337,Exposed3_3,Exposed,3,1,A,NA,0,0
9/2/2020,3,337,Exposed3_3,Exposed,3,2,A,NA,0,0
9/3/2020,3,337,Exposed3_3,Exposed,3,3,A,NA,0,0
9/4/2020,3,337,Exposed3_3,Exposed,3,4,D,0,0,0
9/1/2020,1,338,Exposed0_1,Exposed,0,1,A,NA,0,0
9/2/2020,1,338,Exposed0_1,Exposed,0,2,A,NA,0,0
9/3/2020,1,338,Exposed0_1,Exposed,0,3,A,NA,0,0
9/4/2020,1,338,Exposed0_1,Exposed,0,4,D,0,0,0
9/1/2020,3,339,Control3_3,Control,3,1,E,NA,0,0
9/2/2020,3,339,Control3_3,Control,3,2,Be,1,0,0
9/3/2020,3,339,Control3_3,Control,3,3,B,NA,0,0
9/1/2020,1,340,Control0_1,Control,0,1,E,NA,0,0
9/2/2020,1,340,Control0_1,Control,0,2,Be,1,0,0
9/3/2020,1,340,Control0_1,Control,0,3,B,NA,0,0
9/1/2020,2,341,Control0_2,Control,0,1,E,NA,0,0
9/2/2020,2,341,Control0_2,Control,0,2,Be,1,0,0
9/3/2020,2,341,Control0_2,Control,0,3,B,NA,0,0
9/1/2020,3,342,Exposed3_3,Exposed,3,1,A,NA,0,0
9/2/2020,3,342,Exposed3_3,Exposed,3,2,A,NA,0,0
9/3/2020,3,342,Exposed3_3,Exposed,3,3,E,NA,0,0
9/4/2020,3,342,Exposed3_3,Exposed,3,4,D,0,0,0
9/1/2020,2,343,Control0_2,Control,0,1,E,NA,0,0
9/2/2020,2,343,Control0_2,Control,0,2,Be,1,0,0
9/3/2020,2,343,Control0_2,Control,0,3,B,NA,0,0
9/1/2020,3,344,Control0_3,Control,0,1,E,NA,0,0
9/2/2020,3,344,Control0_3,Control,0,2,Be,1,0,0
9/3/2020,3,344,Control0_3,Control,0,3,B,NA,0,0
9/1/2020,1,345,Control3_1,Control,3,1,E,NA,0,0
9/2/2020,1,345,Control3_1,Control,3,2,Be,1,0,0
9/3/2020,1,345,Control3_1,Control,3,3,B,NA,0,0
9/1/2020,3,346,Exposed0_3,Exposed,0,1,E,NA,0,0
9/2/2020,3,346,Exposed0_3,Exposed,0,2,E,NA,0,0
9/3/2020,3,346,Exposed0_3,Exposed,0,3,B,1,0,0
9/4/2020,3,346,Exposed0_3,Exposed,0,4,B,NA,0,0
9/5/2020,3,346,Exposed0_3,Exposed,0,5,B,NA,0,0
9/6/2020,3,346,Exposed0_3,Exposed,0,6,B,NA,0,0
9/7/2020,3,346,Exposed0_3,Exposed,0,7,B,NA,0,0
9/8/2020,3,346,Exposed0_3,Exposed,0,8,B,NA,0,0
9/1/2020,3,347,Exposed6_3,Exposed,6,1,A,NA,0,0
9/2/2020,3,347,Exposed6_3,Exposed,6,2,A,NA,0,0
9/3/2020,3,347,Exposed6_3,Exposed,6,3,A,NA,0,0
9/4/2020,3,347,Exposed6_3,Exposed,6,4,D,0,0,0
9/1/2020,2,348,Control6_2,Control,6,1,E,NA,0,0
9/2/2020,2,348,Control6_2,Control,6,2,Be,1,0,0
9/3/2020,2,348,Control6_2,Control,6,3,B,NA,0,0
9/1/2020,1,349,Exposed6_1,Exposed,6,1,A,NA,0,0
9/2/2020,1,349,Exposed6_1,Exposed,6,2,A,NA,0,0
9/3/2020,1,349,Exposed6_1,Exposed,6,3,A,NA,0,0
9/4/2020,1,349,Exposed6_1,Exposed,6,4,A,NA,0,0
9/5/2020,1,349,Exposed6_1,Exposed,6,5,D,0,0,0
9/1/2020,1,350,Exposed0_1,Exposed,0,1,A,NA,0,0
9/2/2020,1,350,Exposed0_1,Exposed,0,2,D,0,0,0
9/3/2020,1,350,Exposed0_1,Exposed,0,3,D,NA,0,0
9/1/2020,2,351,Control0_2,Control,0,1,E,NA,0,0
9/2/2020,2,351,Control0_2,Control,0,2,Be,1,0,0
9/3/2020,2,351,Control0_2,Control,0,3,B,NA,0,0
9/1/2020,3,352,Control3_3,Control,3,1,E,NA,0,0
9/2/2020,3,352,Control3_3,Control,3,2,Be,1,0,0
9/3/2020,3,352,Control3_3,Control,3,3,B,NA,0,0
9/1/2020,3,353,Control6_3,Control,6,1,E,NA,0,0
9/2/2020,3,353,Control6_3,Control,6,2,Be,1,0,0
9/3/2020,3,353,Control6_3,Control,6,3,B,NA,0,0
9/1/2020,2,354,Control3_2,Control,3,1,E,NA,0,0
9/2/2020,2,354,Control3_2,Control,3,2,Be,1,0,0
9/3/2020,2,354,Control3_2,Control,3,3,B,NA,0,0
9/1/2020,2,355,Exposed0_2,Exposed,0,1,A,NA,0,0
9/2/2020,2,355,Exposed0_2,Exposed,0,2,A,NA,0,0
9/3/2020,2,355,Exposed0_2,Exposed,0,3,D,0,0,0
9/1/2020,2,356,Exposed6_2,Exposed,6,1,E,NA,0,0
9/2/2020,2,356,Exposed6_2,Exposed,6,2,Be,1,0,0
9/3/2020,2,356,Exposed6_2,Exposed,6,3,B,NA,0,0
9/1/2020,3,357,Control0_3,Control,0,1,E,NA,0,0
9/2/2020,3,357,Control0_3,Control,0,2,Be,1,0,0
9/3/2020,3,357,Control0_3,Control,0,3,B,NA,0,0
9/1/2020,3,358,Control0_3,Control,0,1,E,NA,0,0
9/2/2020,3,358,Control0_3,Control,0,2,Be,1,0,0
9/3/2020,3,358,Control0_3,Control,0,3,B,NA,0,0
9/1/2020,2,359,Control0_2,Control,0,1,E,NA,0,0
9/2/2020,2,359,Control0_2,Control,0,2,Be,1,0,0
9/3/2020,2,359,Control0_2,Control,0,3,B,NA,0,0
9/1/2020,2,360,Control6_2,Control,6,1,E,NA,0,0
9/2/2020,2,360,Control6_2,Control,6,2,Be,1,0,0
9/3/2020,2,360,Control6_2,Control,6,3,B,NA,0,0
